num_qubits,realization,hamiltonian_seed,sampling_seed,coupling_scale,num_single_terms,num_groups,total_time,number_of_steps,num_initial_states,num_trajectories,I_M,I_r,I_sig
5,0,542,543,1.0,210,63,0.07737744730781526,100,100,1000,2.4849747622648035,2.480055861460534,2.4562257836269503
5,1,544,545,1.0,210,63,0.07796050346946502,100,100,1000,2.471141809514215,2.4602530932818287,2.439462048446561
5,2,546,547,1.0,210,63,0.07599672564929093,100,100,1000,2.5040848678199907,2.495137950275088,2.4783415606170185
5,3,548,549,1.0,210,63,0.07988036605045422,100,100,1000,2.5022917235067097,2.496263514772447,2.4820509653590896
5,4,550,551,1.0,210,63,0.07601385156390615,100,100,1000,2.503466966282353,2.4963574973014815,2.4811949594361122
5,5,552,553,1.0,210,63,0.07905051267717,100,100,1000,2.500448385158149,2.4919637913065333,2.4823521976697873
5,6,554,555,1.0,210,63,0.07689419195770036,100,100,1000,2.5893740650697112,2.5851635446649754,2.5621415271691794
5,7,556,557,1.0,210,63,0.08256616972876807,100,100,1000,2.705320121690694,2.695276771987297,2.6867101401741036
5,8,558,559,1.0,210,63,0.07718490125205599,100,100,1000,2.4932904811622514,2.483838615387236,2.4717575443594164
5,9,560,561,1.0,210,63,0.08056920587203151,100,100,1000,2.418804821210432,2.417801129541126,2.4085478728936964
5,10,562,563,1.0,210,63,0.0843105393207844,100,100,1000,2.567050411447186,2.5641665487784286,2.5395585685797526
5,11,564,565,1.0,210,63,0.07495444744006023,100,100,1000,2.6099272354741316,2.592361404182157,2.580869613190111
5,12,566,567,1.0,210,63,0.07352909428927604,100,100,1000,2.52646354585722,2.515185912730712,2.5085962508078428
5,13,568,569,1.0,210,63,0.07786068392477434,100,100,1000,2.5698777094513674,2.558453139057136,2.540914821612725
5,14,570,571,1.0,210,63,0.08061938153639955,100,100,1000,2.4775005775208587,2.471982832699756,2.453603311110237
5,15,572,573,1.0,210,63,0.08212911118294547,100,100,1000,2.5700351004134454,2.563028884795349,2.5505456311871453
5,16,574,575,1.0,210,63,0.0762649480567341,100,100,1000,2.5725896679655693,2.570995765539483,2.556709628643669
5,17,576,577,1.0,210,63,0.07334910585383092,100,100,1000,2.5765241942844592,2.573188410001307,2.550617637992098
5,18,578,579,1.0,210,63,0.07164822237271995,100,100,1000,2.6295236141355924,2.616313242520651,2.5897052911340612
5,19,580,581,1.0,210,63,0.07641715333877488,100,100,1000,2.521052326105225,2.518133622697345,2.496303834136289
5,20,582,583,1.0,210,63,0.07256640320403951,100,100,1000,2.602416503248074,2.5853317535172184,2.572651593718997
5,21,584,585,1.0,210,63,0.07627953779332565,100,100,1000,2.4604404789395415,2.4447701478130965,2.427421100868782
5,22,586,587,1.0,210,63,0.08454257033106168,100,100,1000,2.430517499347328,2.4198033079528076,2.4133957235310723
5,23,588,589,1.0,210,63,0.07502460799231736,100,100,1000,2.64474728345094,2.63575530665147,2.629694793918321
5,24,590,591,1.0,210,63,0.07828589795532663,100,100,1000,2.3730907760254625,2.3725032941566586,2.354486187778306
5,25,592,593,1.0,210,63,0.07646281276498168,100,100,1000,2.530028470502426,2.5129394436024093,2.5011508700889515
5,26,594,595,1.0,210,63,0.07463539379217118,100,100,1000,2.531532693814528,2.5262109312979546,2.510301273055873
5,27,596,597,1.0,210,63,0.08030831556335531,100,100,1000,2.4586593810464663,2.450525141097129,2.4266389015620318
5,28,598,599,1.0,210,63,0.07613273529029732,100,100,1000,2.5912245649034378,2.584212395916488,2.5716797307609855
5,29,600,601,1.0,210,63,0.07258219907438719,100,100,1000,2.5357350922196336,2.5263621940928243,2.509989289626565
5,30,602,603,1.0,210,63,0.0797106427489714,100,100,1000,2.5692998847540713,2.5697669421162974,2.5507884030798538
5,31,604,605,1.0,210,63,0.07321325756751183,100,100,1000,2.5792430779574023,2.5664144710511505,2.5376384163058447
5,32,606,607,1.0,210,63,0.08339100997104049,100,100,1000,2.6440541018252586,2.64105321025003,2.616028410295191
5,33,608,609,1.0,210,63,0.0755482395724748,100,100,1000,2.6939891918658545,2.685747453669667,2.660881611934053
5,34,610,611,1.0,210,63,0.07593653125815927,100,100,1000,2.4257359298587238,2.419488017325298,2.3997839312417093
5,35,612,613,1.0,210,63,0.07824253275607665,100,100,1000,2.5322859469009273,2.530053926254534,2.510804750962352
5,36,614,615,1.0,210,63,0.075978820133233,100,100,1000,2.505917253346224,2.4936466994918125,2.4769960129120525
5,37,616,617,1.0,210,63,0.08187035158913838,100,100,1000,2.5277431141646765,2.518101551056398,2.5050284499519955
5,38,618,619,1.0,210,63,0.07943143390347458,100,100,1000,2.419171528931615,2.4226240230696776,2.4055417973596533
5,39,620,621,1.0,210,63,0.07718871201258178,100,100,1000,2.4776460718004336,2.4737511995575083,2.453804846383316
5,40,622,623,1.0,210,63,0.0861912777523346,100,100,1000,2.42714976800146,2.4229933552446616,2.4014378260639755
5,41,624,625,1.0,210,63,0.07890664778236547,100,100,1000,2.470641834396952,2.4539031837425553,2.4345581246641195
5,42,626,627,1.0,210,63,0.08623646173228953,100,100,1000,2.5580214543688773,2.554946691514095,2.540981903254169
5,43,628,629,1.0,210,63,0.08002846877308735,100,100,1000,2.5614382341309465,2.542493931317828,2.527117769377893
5,44,630,631,1.0,210,63,0.07537091158101976,100,100,1000,2.5429046279358527,2.523068029933934,2.506392917843379
5,45,632,633,1.0,210,63,0.06754109066659761,100,100,1000,2.3895114734844216,2.3782284925180095,2.3564796505771044
5,46,634,635,1.0,210,63,0.07687117064305293,100,100,1000,2.4633314229660157,2.457222232309145,2.438903216462719
5,47,636,637,1.0,210,63,0.07418858483934004,100,100,1000,2.6259669318515195,2.611665855226102,2.570806796866982
5,48,638,639,1.0,210,63,0.07784235444727507,100,100,1000,2.4603172144084504,2.4561218139761034,2.4352744007344898
5,49,640,641,1.0,210,63,0.07529843552514105,100,100,1000,2.5671720749481293,2.5562887247003916,2.5436132287439475
6,0,642,643,1.0,495,123,0.04524540796635201,100,100,1000,2.9032592938570594,2.890744581861101,2.8726362930273566
6,1,644,645,1.0,495,123,0.04380749291023834,100,100,1000,2.9623223975275055,2.948782680698074,2.9345634314800515
6,2,646,647,1.0,495,123,0.04517864579072055,100,100,1000,2.8669291483497257,2.858578238679658,2.851788097588923
6,3,648,649,1.0,495,123,0.04520273729127377,100,100,1000,3.0258075566906246,3.0181549631171167,3.0079135111100346
6,4,650,651,1.0,495,123,0.04203463260709772,100,100,1000,2.9790047552408376,2.9642618380677472,2.9553713864577955
6,5,652,653,1.0,495,123,0.04421229988398346,100,100,1000,2.9043137807753285,2.8984602588446604,2.884262995953816
6,6,654,655,1.0,495,123,0.04233419406518518,100,100,1000,2.9593569219317226,2.950182427086041,2.938116805562872
6,7,656,657,1.0,495,123,0.04092865219079448,100,100,1000,2.8578735503101393,2.856148322667238,2.8433489358108344
6,8,658,659,1.0,495,123,0.04340857357216872,100,100,1000,2.975479272769709,2.9658119501515197,2.9608851105629626
6,9,660,661,1.0,495,123,0.04175998107589012,100,100,1000,2.893715745048182,2.8828793247521394,2.8729286169142867
6,10,662,663,1.0,495,123,0.043764130440758234,100,100,1000,2.8261661370384066,2.8111090811342985,2.8027364000151995
6,11,664,665,1.0,495,123,0.043969378285945444,100,100,1000,2.9342860452610084,2.9272618074837484,2.917810585401497
6,12,666,667,1.0,495,123,0.041211434628248354,100,100,1000,2.8792248656583297,2.873955625822763,2.8592911975595157
6,13,668,669,1.0,495,123,0.04297085819656687,100,100,1000,2.839329134354936,2.8331544792602372,2.827756056366373
6,14,670,671,1.0,495,123,0.04363280582472287,100,100,1000,2.96907897071691,2.963210276366374,2.9574961787053224
6,15,672,673,1.0,495,123,0.04123868662576603,100,100,1000,2.975187882800788,2.9610283600150162,2.952012350818008
6,16,674,675,1.0,495,123,0.045077229901529146,100,100,1000,2.9033856333039996,2.8916236739490113,2.8780422909192787
6,17,676,677,1.0,495,123,0.042047539205153694,100,100,1000,2.866849892948005,2.8553622018320945,2.8480511694392563
6,18,678,679,1.0,495,123,0.04442573495080499,100,100,1000,2.8366878673008054,2.8265020668211336,2.8189452074342305
6,19,680,681,1.0,495,123,0.04352324487691748,100,100,1000,2.800660901022702,2.7904902588976017,2.780378345307473
6,20,682,683,1.0,495,123,0.043056272998943525,100,100,1000,2.822162596446937,2.81521740815419,2.8033626386326533
6,21,684,685,1.0,495,123,0.042668995699980575,100,100,1000,2.8645850377249364,2.864047886345228,2.8440259951560516
6,22,686,687,1.0,495,123,0.04363392135016598,100,100,1000,2.955330041236654,2.9500502631621726,2.935237818387535
6,23,688,689,1.0,495,123,0.044469211095007656,100,100,1000,2.876616536933536,2.872663149821974,2.8679710749870875
6,24,690,691,1.0,495,123,0.04254089895301922,100,100,1000,2.9219801644746886,2.9167326720113427,2.9089612404243437
6,25,692,693,1.0,495,123,0.04148621391108933,100,100,1000,2.954609426777288,2.9485227225915493,2.9425963606219403
6,26,694,695,1.0,495,123,0.041703880885901067,100,100,1000,2.9151534245807884,2.9048418909359888,2.8899278406141393
6,27,696,697,1.0,495,123,0.04149921843146295,100,100,1000,2.9692215750542337,2.9559670580271122,2.9478195189556287
6,28,698,699,1.0,495,123,0.040910744033627336,100,100,1000,2.9472830194921125,2.942936270716399,2.9357394837912483
6,29,700,701,1.0,495,123,0.04319228382698642,100,100,1000,2.9055201184942523,2.903351335297566,2.888189681333295
6,30,702,703,1.0,495,123,0.04046475402611123,100,100,1000,2.904691236240286,2.898422225151931,2.888510778977174
6,31,704,705,1.0,495,123,0.04164812853589175,100,100,1000,2.8697603535757046,2.8632765261118904,2.8548337960837165
6,32,706,707,1.0,495,123,0.04226449981237819,100,100,1000,2.946867163536745,2.935515933637365,2.9211732710666523
6,33,708,709,1.0,495,123,0.04247476409416824,100,100,1000,2.960520314416956,2.954443418157701,2.9364443330863668
6,34,710,711,1.0,495,123,0.041920760986691064,100,100,1000,2.946984055050805,2.9410170411188497,2.9264254621708186
6,35,712,713,1.0,495,123,0.043469672485992414,100,100,1000,2.9035759848797933,2.9003250645087135,2.8861567957302574
6,36,714,715,1.0,495,123,0.0442430032220336,100,100,1000,2.986703872322475,2.969018026219726,2.9556530564725443
6,37,716,717,1.0,495,123,0.0428696165540717,100,100,1000,2.934248417101129,2.929847378383426,2.923322621258543
6,38,718,719,1.0,495,123,0.041763290931167714,100,100,1000,2.907582357619218,2.898474515272029,2.8871169558363983
6,39,720,721,1.0,495,123,0.04477179630370672,100,100,1000,2.9084202280788722,2.893790835302701,2.879455976468718
6,40,722,723,1.0,495,123,0.04408216120698642,100,100,1000,2.8765960325805486,2.8614107237637785,2.8511451919606303
6,41,724,725,1.0,495,123,0.04259275283112573,100,100,1000,2.9540920969568156,2.9441978721593096,2.9334794386502216
6,42,726,727,1.0,495,123,0.04343024466758892,100,100,1000,2.95191530362245,2.9334368397834245,2.9263393972225864
6,43,728,729,1.0,495,123,0.042688445042933766,100,100,1000,2.924914712124258,2.921165244685536,2.9134841470800676
6,44,730,731,1.0,495,123,0.04133792188145914,100,100,1000,3.0142061336472357,3.006987662833183,2.98621320227523
6,45,732,733,1.0,495,123,0.04361299657858209,100,100,1000,2.983565420760955,2.97810382339628,2.9665566367514105
6,46,734,735,1.0,495,123,0.04325897082463764,100,100,1000,2.957527248619115,2.9519613106813543,2.937282361650238
6,47,736,737,1.0,495,123,0.041777177779736045,100,100,1000,2.994158355444523,2.9988611442944917,2.9899458907186265
6,48,738,739,1.0,495,123,0.04314427014022296,100,100,1000,2.8805832182337885,2.8718718039434057,2.8630858664879573
6,49,740,741,1.0,495,123,0.04183747328659093,100,100,1000,2.8937148349908712,2.8890510483966576,2.8845375233029604
7,0,742,743,1.0,1001,228,0.027220736303108534,100,100,1000,3.1599658724862283,3.1466890876347495,3.140709232887018
7,1,744,745,1.0,1001,228,0.02649421365151836,100,100,1000,3.1687866145289063,3.1540934156759035,3.1512385971215044
7,2,746,747,1.0,1001,228,0.026564214969115648,100,100,1000,3.1442621547747343,3.1312489234311442,3.127195168351964
7,3,748,749,1.0,1001,228,0.02723406235025652,100,100,1000,3.1307633945526194,3.120621957088459,3.1142877063606096
7,4,750,751,1.0,1001,228,0.026761966868745657,100,100,1000,3.151498327857977,3.147551138192725,3.1474735723987557
7,5,752,753,1.0,1001,228,0.026330926278188407,100,100,1000,3.1592971531654355,3.144532587560093,3.139399603166897
7,6,754,755,1.0,1001,228,0.026042080579970664,100,100,1000,3.1731062286285927,3.164599541404429,3.161933824732832
7,7,756,757,1.0,1001,228,0.02654997362537918,100,100,1000,3.1595305995369998,3.1524340266589777,3.142376705669702
7,8,758,759,1.0,1001,228,0.025750990646724727,100,100,1000,3.1564928451628536,3.1467021047011756,3.142153603746244
7,9,760,761,1.0,1001,228,0.027319395691222163,100,100,1000,3.1867569598370897,3.1781357869112594,3.175342272858244
7,10,762,763,1.0,1001,228,0.026448785575768588,100,100,1000,3.2012676806942917,3.1875380598959353,3.184308287336567
7,11,764,765,1.0,1001,228,0.026754349794568637,100,100,1000,3.153490048800622,3.1382795756569943,3.1343865596600837
7,12,766,767,1.0,1001,228,0.026628208976794514,100,100,1000,3.123958338024923,3.1129447579236573,3.1147061384759676
7,13,768,769,1.0,1001,228,0.026388132901012294,100,100,1000,3.138891859646453,3.1250675332767854,3.1188494484017837
7,14,770,771,1.0,1001,228,0.026507995984119372,100,100,1000,3.146609748488372,3.1310204704605202,3.1232809009292524
7,15,772,773,1.0,1001,228,0.025803123039309313,100,100,1000,3.1973465550677522,3.1852423967278645,3.1776928332021623
7,16,774,775,1.0,1001,228,0.027114749517330686,100,100,1000,3.070938266883985,3.060811915456955,3.0549000890617832
7,17,776,777,1.0,1001,228,0.02771834808923399,100,100,1000,3.2425468663702777,3.232616653124502,3.2292705459914717
7,18,778,779,1.0,1001,228,0.026105891307675783,100,100,1000,3.15172756236831,3.1431180501378515,3.139356125872389
7,19,780,781,1.0,1001,228,0.026346290993904228,100,100,1000,3.1278970583704755,3.115071322982185,3.108389418341294
7,20,782,783,1.0,1001,228,0.026924996721285822,100,100,1000,3.2051258662716755,3.192565016771832,3.188825790858974
7,21,784,785,1.0,1001,228,0.026748032050059094,100,100,1000,3.185217264427953,3.1685401973553216,3.161209299284075
7,22,786,787,1.0,1001,228,0.027836736941422007,100,100,1000,3.133203487686067,3.121747653723978,3.116716052136036
7,23,788,789,1.0,1001,228,0.0272367689992016,100,100,1000,3.0761431050305648,3.065114668145498,3.056540195967858
7,24,790,791,1.0,1001,228,0.027588923398220715,100,100,1000,3.105484810786434,3.096728417999881,3.092225159523489
7,25,792,793,1.0,1001,228,0.02693898502901731,100,100,1000,3.0587501915605055,3.045462399005754,3.037808522590567
7,26,794,795,1.0,1001,228,0.02593412072545996,100,100,1000,3.148874329331582,3.1374584791511406,3.1301913805817274
7,27,796,797,1.0,1001,228,0.027445712646898525,100,100,1000,3.2124895045234974,3.2008730763956903,3.197046657348888
7,28,798,799,1.0,1001,228,0.02719085875879017,100,100,1000,3.1678968435357096,3.1587603386517245,3.155052187251366
7,29,800,801,1.0,1001,228,0.027148385418202785,100,100,1000,3.048367453805065,3.035483584148069,3.0339827140155116
7,30,802,803,1.0,1001,228,0.02698377638844332,100,100,1000,3.1208912025942364,3.1123765624736817,3.108834992302245
7,31,804,805,1.0,1001,228,0.0271911229936368,100,100,1000,3.1148525159835008,3.106179958226825,3.1070714504236383
7,32,806,807,1.0,1001,228,0.025941690722172783,100,100,1000,3.1691836677186283,3.15729465142283,3.1534665552368346
7,33,808,809,1.0,1001,228,0.025763151156123484,100,100,1000,3.234574196998742,3.2247763505528395,3.2204650759361546
7,34,810,811,1.0,1001,228,0.02723715369131928,100,100,1000,3.163929829793808,3.1515743415180872,3.1468835541004934
7,35,812,813,1.0,1001,228,0.026242555055990904,100,100,1000,3.182824381674032,3.170772907276823,3.164219685156775
7,36,814,815,1.0,1001,228,0.02669069720881803,100,100,1000,3.1836836430230453,3.173094066329815,3.1697346391371353
7,37,816,817,1.0,1001,228,0.026907615431661917,100,100,1000,3.182653562230527,3.1744001355771085,3.1674687417965695
7,38,818,819,1.0,1001,228,0.026251060205938884,100,100,1000,3.1634393855789544,3.14922535050341,3.1451402852015624
7,39,820,821,1.0,1001,228,0.025632619436302916,100,100,1000,3.1913259656731556,3.1810563837300827,3.1750499300338664
7,40,822,823,1.0,1001,228,0.026789758945602662,100,100,1000,3.163321380813685,3.153659406976497,3.149352749590736
7,41,824,825,1.0,1001,228,0.02714989404936378,100,100,1000,3.1993186035180536,3.187832541120925,3.1841768696161914
7,42,826,827,1.0,1001,228,0.026537390962966808,100,100,1000,3.205144662397583,3.19559486754221,3.1936656845417315
7,43,828,829,1.0,1001,228,0.026332584466505868,100,100,1000,3.1371045704830887,3.124778743283526,3.122720740556859
7,44,830,831,1.0,1001,228,0.02780099314390241,100,100,1000,3.1683386203171704,3.1624819161965254,3.1578690454498886
7,45,832,833,1.0,1001,228,0.02553215625440411,100,100,1000,3.2127570364846263,3.2058754374207656,3.1988908046984474
7,46,834,835,1.0,1001,228,0.026960930112160483,100,100,1000,3.1494315413269134,3.142327521403032,3.133860428899601
7,47,836,837,1.0,1001,228,0.026991135682105778,100,100,1000,3.161302874739344,3.1504412794898586,3.144875313504124
7,48,838,839,1.0,1001,228,0.027359333033340327,100,100,1000,3.0954620723738295,3.082103571762798,3.0799731652470492
7,49,840,841,1.0,1001,228,0.026734060563563977,100,100,1000,3.128277044276368,3.11705702539006,3.1095833398127075
8,0,842,843,1.0,1820,325,0.01791264832495575,100,100,1000,4.043448239594438,4.02583584211313,4.02594540109459
8,1,844,845,1.0,1820,352,0.01737918162145633,100,100,1000,3.859455312427857,3.847506227330637,3.850781092579686
8,2,846,847,1.0,1820,334,0.01756584046169479,100,100,1000,3.878005079402205,3.8648335749953597,3.862599502941489
8,3,848,849,1.0,1820,330,0.018164241389745848,100,100,1000,4.043634411210781,4.031428656962479,4.025523107885852
8,4,850,851,1.0,1820,350,0.018372752697827087,100,100,1000,3.757348149935837,3.7429957669797473,3.743645256751053
8,5,852,853,1.0,1820,327,0.017855495199929353,100,100,1000,4.079891341736802,4.06328076056017,4.063924619782076
8,6,854,855,1.0,1820,331,0.01771997772569977,100,100,1000,4.042318032340371,4.02719520588115,4.027956031318563
8,7,856,857,1.0,1820,339,0.01812019470004019,100,100,1000,3.8598421448115072,3.845682785224538,3.8434952963793045
8,8,858,859,1.0,1820,328,0.018496146107186053,100,100,1000,4.032978460289685,4.015472240417368,4.013490505039356
8,9,860,861,1.0,1820,338,0.018157800391404712,100,100,1000,3.9182925437020772,3.899998312703967,3.8967354521132416
8,10,862,863,1.0,1820,325,0.018202002908093498,100,100,1000,4.128347106673665,4.111313664311236,4.11059238297011
8,11,864,865,1.0,1820,335,0.018511888703333885,100,100,1000,3.925646882538935,3.912715956051917,3.9117017250997304
8,12,866,867,1.0,1820,338,0.01755005964819593,100,100,1000,4.000694490403085,3.983898110021841,3.9820407255213017
8,13,868,869,1.0,1820,334,0.017625796831154502,100,100,1000,4.051657041801699,4.034427874431741,4.029012234513245
8,14,870,871,1.0,1820,334,0.0181786944112861,100,100,1000,4.029481479629222,4.014652382018991,4.010985929068869
8,15,872,873,1.0,1820,338,0.018256685760867787,100,100,1000,3.932610045974045,3.917244731390287,3.9140587606023534
8,16,874,875,1.0,1820,338,0.018329212711570383,100,100,1000,3.8993282097172712,3.8866998426409487,3.887178239502234
8,17,876,877,1.0,1820,339,0.018044243075795288,100,100,1000,3.8900304433719537,3.875153382037383,3.872529298756852
8,18,878,879,1.0,1820,336,0.018119511265493375,100,100,1000,3.9610639382983477,3.9445254341146385,3.9384954669649024
8,19,880,881,1.0,1820,340,0.01818717484219113,100,100,1000,3.8645307529369703,3.849791555260677,3.8459699229428783
8,20,882,883,1.0,1820,335,0.018328769105622613,100,100,1000,3.8938002520409873,3.881667271326376,3.880551783475638
8,21,884,885,1.0,1820,338,0.018237016606767593,100,100,1000,3.8452690674191317,3.8310638399403873,3.8305950131605657
8,22,886,887,1.0,1820,336,0.01817462093458193,100,100,1000,3.933956727991145,3.9206604095917355,3.9180330123884723
8,23,888,889,1.0,1820,336,0.017277294591169536,100,100,1000,3.9795495740619007,3.960534017479529,3.9554895740859695
8,24,890,891,1.0,1820,333,0.018520811599427495,100,100,1000,3.8956015985248533,3.8829780424810694,3.8821352568686036
8,25,892,893,1.0,1820,338,0.018429542708479334,100,100,1000,3.866279794214156,3.85410056835528,3.8520064237411473
8,26,894,895,1.0,1820,341,0.018171677706483754,100,100,1000,3.8551161616942937,3.8425686871381473,3.837427627725257
8,27,896,897,1.0,1820,324,0.018054295390920586,100,100,1000,4.124542105601629,4.1116966931445535,4.108207458837384
8,28,898,899,1.0,1820,336,0.01725994732434719,100,100,1000,4.023767587191536,4.009812221617054,4.008883787313849
8,29,900,901,1.0,1820,324,0.018020834503414303,100,100,1000,4.082694926202195,4.071001913816054,4.068802836900125
8,30,902,903,1.0,1820,334,0.0181516696110563,100,100,1000,3.8399371726546527,3.8280744426743034,3.821567453005757
8,31,904,905,1.0,1820,346,0.01797216379500646,100,100,1000,3.8523123064317066,3.8406454228971088,3.840475264668358
8,32,906,907,1.0,1820,322,0.01782936350879997,100,100,1000,4.119394506314491,4.104341086632914,4.102376350123825
8,33,908,909,1.0,1820,338,0.018196266700340257,100,100,1000,3.817562225783371,3.8009989368683446,3.8008244426183904
8,34,910,911,1.0,1820,321,0.017765020699764402,100,100,1000,4.067446107307771,4.049355228028699,4.04749284375993
8,35,912,913,1.0,1820,336,0.018217658505908528,100,100,1000,3.935508297435693,3.921805836057423,3.9186592995757628
8,36,914,915,1.0,1820,345,0.017740023981001524,100,100,1000,3.8336681953762755,3.817847736750404,3.8183259572813615
8,37,916,917,1.0,1820,322,0.018223293712309102,100,100,1000,4.155666940711118,4.137119301670141,4.137938325437417
8,38,918,919,1.0,1820,339,0.018027748554685013,100,100,1000,3.8967798401376315,3.8803467768684174,3.881915066207439
8,39,920,921,1.0,1820,330,0.017464593795605145,100,100,1000,4.07718499863626,4.060515893977021,4.0579588920243586
8,40,922,923,1.0,1820,330,0.018064586910745774,100,100,1000,4.001285739711114,3.986194045917945,3.983516443532958
8,41,924,925,1.0,1820,331,0.018038338857722144,100,100,1000,3.9997141073449702,3.987018297222685,3.987217461775672
8,42,926,927,1.0,1820,333,0.01803611111004524,100,100,1000,3.944323745687332,3.933934761102792,3.929698459237399
8,43,928,929,1.0,1820,336,0.017599664714983383,100,100,1000,3.8950375680906304,3.8797893742687206,3.8793990228007047
8,44,930,931,1.0,1820,329,0.0181069669781021,100,100,1000,4.002502128327178,3.987102758975166,3.98487148016345
8,45,932,933,1.0,1820,335,0.017764968886271167,100,100,1000,3.9258259533210045,3.910442660080254,3.907292610984139
8,46,934,935,1.0,1820,332,0.01831520652639645,100,100,1000,4.00839950761106,3.9958975649812554,3.995488861401716
8,47,936,937,1.0,1820,336,0.018255394036485094,100,100,1000,3.89188787350026,3.875724752892375,3.8739984643237197
8,48,938,939,1.0,1820,335,0.01801887179783262,100,100,1000,3.966793601781814,3.954802234904999,3.9516330264700428
8,49,940,941,1.0,1820,330,0.017728968577207037,100,100,1000,3.920248951495648,3.9079111311896835,3.9037919252882425
9,0,942,943,1.0,3060,418,0.012928704777274225,100,100,1000,5.297236130468035,5.273663224599883,5.275074380139428
9,1,944,945,1.0,3060,414,0.012746732185125263,100,100,1000,5.281192894736436,5.259440824688257,5.261313977146903
9,2,946,947,1.0,3060,449,0.012431929526188467,100,100,1000,4.9344827054294385,4.911832660668715,4.9158824195942445
9,3,948,949,1.0,3060,422,0.012772004456339105,100,100,1000,5.172627960482303,5.151735747609769,5.155773026178909
9,4,950,951,1.0,3060,437,0.012779593264287781,100,100,1000,5.098345329931663,5.081689640596284,5.084585797386483
9,5,952,953,1.0,3060,431,0.012807306851815354,100,100,1000,5.0526679391335385,5.033655833719971,5.037023113077148
9,6,954,955,1.0,3060,430,0.012775580317154481,100,100,1000,5.010090133999449,4.9915305547195565,4.993709692888111
9,7,956,957,1.0,3060,433,0.012753441994792033,100,100,1000,4.97853993665448,4.959485755831813,4.961930814015818
9,8,958,959,1.0,3060,431,0.012734469090575549,100,100,1000,5.132748496707826,5.112457719319752,5.1148681997425935
9,9,960,961,1.0,3060,415,0.012667779223915198,100,100,1000,5.298345873322712,5.275829471167437,5.276769022494519
9,10,962,963,1.0,3060,435,0.012806415877886175,100,100,1000,5.199465815717175,5.174588632659328,5.1783918621392795
9,11,964,965,1.0,3060,426,0.01278911605868992,100,100,1000,5.1049753515152325,5.0892871942179205,5.088006633770734
9,12,966,967,1.0,3060,423,0.013006006810776263,100,100,1000,5.182165708846964,5.16203595804699,5.161859893160731
9,13,968,969,1.0,3060,413,0.01249436028039753,100,100,1000,5.28691856724813,5.262038141111341,5.263288955679411
9,14,970,971,1.0,3060,423,0.012580876907767678,100,100,1000,5.231385641845809,5.206894278191277,5.211272367361944
9,15,972,973,1.0,3060,421,0.012721235832837706,100,100,1000,5.238150658143249,5.217263304181156,5.22051958634329
9,16,974,975,1.0,3060,428,0.012623190737079383,100,100,1000,5.051351153746753,5.02702104240599,5.0299846157740244
9,17,976,977,1.0,3060,412,0.012710370620646257,100,100,1000,5.353083127863493,5.328750157442952,5.330466655637732
9,18,978,979,1.0,3060,426,0.01272240831828997,100,100,1000,5.185288111140659,5.169380248542736,5.170792222986287
9,19,980,981,1.0,3060,408,0.012530669112431619,100,100,1000,5.374644852228276,5.3539467505686025,5.3521414690385996
9,20,982,983,1.0,3060,445,0.012545059048868684,100,100,1000,5.000925685669134,4.983198079983386,4.987351299567353
9,21,984,985,1.0,3060,417,0.012728454931164488,100,100,1000,5.192363480928451,5.170520567926708,5.172964581423543
9,22,986,987,1.0,3060,413,0.01267128194084553,100,100,1000,5.309205816133859,5.28723985577722,5.287208127549104
9,23,988,989,1.0,3060,420,0.012633307534702235,100,100,1000,5.306356090332378,5.284864161253012,5.287064052065717
9,24,990,991,1.0,3060,430,0.012903165183776672,100,100,1000,4.99300966439185,4.975243428367396,4.975595091329241
9,25,992,993,1.0,3060,426,0.012918802351750245,100,100,1000,5.103615054374911,5.081308957485438,5.082656491973411
9,26,994,995,1.0,3060,420,0.012849783846567615,100,100,1000,5.211899537030098,5.194954635204623,5.194251797960076
9,27,996,997,1.0,3060,413,0.012763521271705791,100,100,1000,5.280358081467532,5.254724682822038,5.255860639482759
9,28,998,999,1.0,3060,434,0.01266747727054455,100,100,1000,5.079978698339625,5.05955521345536,5.06150937954645
9,29,1000,1001,1.0,3060,410,0.012973323401573497,100,100,1000,5.344881043734947,5.325528386926032,5.328955455981627
9,30,1002,1003,1.0,3060,413,0.01270510921543477,100,100,1000,5.229904807076457,5.209518021876982,5.210633966515475
9,31,1004,1005,1.0,3060,436,0.012647671024186824,100,100,1000,5.0197654011620365,4.999472285461993,5.001156380928957
9,32,1006,1007,1.0,3060,435,0.01256115916580975,100,100,1000,5.142211304449367,5.118632607418234,5.120946331470004
9,33,1008,1009,1.0,3060,426,0.012906912070751248,100,100,1000,5.218491244822744,5.197557602627942,5.200381945942213
9,34,1010,1011,1.0,3060,426,0.012671096979553232,100,100,1000,5.171389407695741,5.151933713783925,5.154145546225425
9,35,1012,1013,1.0,3060,415,0.012988995484400549,100,100,1000,5.181066298612902,5.165089516681332,5.170024801293502
9,36,1014,1015,1.0,3060,433,0.012914485710790305,100,100,1000,5.0910055883426555,5.06944318484851,5.0729856163220495
9,37,1016,1017,1.0,3060,421,0.012441692735964238,100,100,1000,5.1533196881152055,5.133582650174222,5.136753043366007
9,38,1018,1019,1.0,3060,411,0.013042661326578229,100,100,1000,5.343224630956941,5.322247208912977,5.319949869035902
9,39,1020,1021,1.0,3060,430,0.012688302954854224,100,100,1000,5.200851708016149,5.179519296700841,5.182847201875145
9,40,1022,1023,1.0,3060,430,0.012637878878556021,100,100,1000,5.107901085148766,5.08757549389264,5.0899922151807315
9,41,1024,1025,1.0,3060,437,0.01288773635493488,100,100,1000,5.145244953592551,5.1255915160713945,5.12783850269952
9,42,1026,1027,1.0,3060,432,0.012766614635567324,100,100,1000,5.131021397658611,5.110657796095091,5.112962995767655
9,43,1028,1029,1.0,3060,432,0.012711447266099414,100,100,1000,5.086840175546136,5.069593431369809,5.074124715409345
9,44,1030,1031,1.0,3060,430,0.012770317242823064,100,100,1000,5.042918371504936,5.022285490909382,5.022880018944897
9,45,1032,1033,1.0,3060,412,0.01246192386732263,100,100,1000,5.294515698694754,5.27581543136973,5.275071779647564
9,46,1034,1035,1.0,3060,434,0.012584102056594527,100,100,1000,5.004397019275816,4.983485198323006,4.982381990003717
9,47,1036,1037,1.0,3060,419,0.012805983479847127,100,100,1000,5.294774827519159,5.273625353213073,5.275259229526034
9,48,1038,1039,1.0,3060,412,0.01285655069987591,100,100,1000,5.264887118293048,5.243819537935763,5.247653032425144
9,49,1040,1041,1.0,3060,432,0.012784733315176362,100,100,1000,5.026500851317036,5.002905952297169,5.004454310377413
10,0,1042,1043,1.0,4845,609,0.009562017308257105,100,100,1000,5.654129809375085,5.630412468814956,5.6383064221429855
10,1,1044,1045,1.0,4845,610,0.009346390227165692,100,100,1000,5.6467635514729535,5.625361599232121,5.630493808083594
10,2,1046,1047,1.0,4845,610,0.009279657430556837,100,100,1000,5.63620201032167,5.614000053279868,5.619691812196479
10,3,1048,1049,1.0,4845,609,0.009412543411160384,100,100,1000,5.618123268332916,5.594747802518106,5.601392796181635
10,4,1050,1051,1.0,4845,610,0.009329187330097704,100,100,1000,5.607298916172589,5.58631880583502,5.590977845940076
10,5,1052,1053,1.0,4845,610,0.009500901321276543,100,100,1000,5.6371044173228,5.612179554271936,5.618635693540188
10,6,1054,1055,1.0,4845,611,0.009504126098747255,100,100,1000,5.6192615673467365,5.593395080910206,5.599232846430295
10,7,1056,1057,1.0,4845,608,0.009429781271543694,100,100,1000,5.59428796081019,5.571595590411565,5.578647469351338
10,8,1058,1059,1.0,4845,609,0.009372072583351022,100,100,1000,5.62792028904088,5.6083168826759735,5.615826255942698
10,9,1060,1061,1.0,4845,608,0.009443104948983079,100,100,1000,5.646277745353691,5.62473008616099,5.631855798872075
10,10,1062,1063,1.0,4845,611,0.009268640468014393,100,100,1000,5.61102722007699,5.583010591860134,5.588739718117468
10,11,1064,1065,1.0,4845,613,0.009394184567423858,100,100,1000,5.6656185106142845,5.6426064075686275,5.64871841031817
10,12,1066,1067,1.0,4845,609,0.009462951723918415,100,100,1000,5.673865441372786,5.65150868817924,5.658572635473433
10,13,1068,1069,1.0,4845,609,0.009333202207423147,100,100,1000,5.668405589723004,5.645761905546872,5.652362487083034
10,14,1070,1071,1.0,4845,608,0.009337311652844738,100,100,1000,5.634165106754533,5.613848150725912,5.621656847463242
10,15,1072,1073,1.0,4845,611,0.009360617202294579,100,100,1000,5.636051394598569,5.6156841614512665,5.6223745802978735
10,16,1074,1075,1.0,4845,611,0.009374895938630494,100,100,1000,5.659561579550697,5.637344287814657,5.643654744234324
10,17,1076,1077,1.0,4845,608,0.009358691295740736,100,100,1000,5.636083176116788,5.613186884441227,5.618291204474794
10,18,1078,1079,1.0,4845,612,0.009567333179807652,100,100,1000,5.654101837209167,5.633813971838124,5.641244018592414
10,19,1080,1081,1.0,4845,607,0.009449379912800267,100,100,1000,5.663726537920603,5.6372988720501995,5.6427281445836055
10,20,1082,1083,1.0,4845,609,0.009540184214713254,100,100,1000,5.602837877797487,5.5811429069501335,5.587027013956398
10,21,1084,1085,1.0,4845,612,0.009435528684590437,100,100,1000,5.680737005404409,5.657995443891953,5.664511157481884
10,22,1086,1087,1.0,4845,610,0.009471445442086482,100,100,1000,5.593352509523901,5.572219037304677,5.578202239681308
10,23,1088,1089,1.0,4845,609,0.009332215364982879,100,100,1000,5.724572392171458,5.7017615242595605,5.709560112790431
10,24,1090,1091,1.0,4845,611,0.009470928085795782,100,100,1000,5.60406353351237,5.582455170514133,5.587970617022635
10,25,1092,1093,1.0,4845,611,0.009581037559133618,100,100,1000,5.568528300575313,5.547958669112281,5.552858381161951
10,26,1094,1095,1.0,4845,610,0.00943681436770453,100,100,1000,5.6058146311555825,5.582606895705384,5.5913769465136545
10,27,1096,1097,1.0,4845,612,0.00954374206793899,100,100,1000,5.607644310910067,5.5845562231990025,5.590361715511029
10,28,1098,1099,1.0,4845,608,0.009338107068857049,100,100,1000,5.614192895641959,5.592230465467667,5.597997362889353
10,29,1100,1101,1.0,4845,610,0.009460092772787145,100,100,1000,5.610657721367449,5.584087228229305,5.591067951745456
10,30,1102,1103,1.0,4845,612,0.0094070255723711,100,100,1000,5.641452752050671,5.619082847741117,5.6245910062071856
10,31,1104,1105,1.0,4845,616,0.009373193308825726,100,100,1000,5.548871437777802,5.527836903254007,5.533843659576517
10,32,1106,1107,1.0,4845,609,0.009385181904167065,100,100,1000,5.642726317384906,5.619984782911375,5.625608371500274
10,33,1108,1109,1.0,4845,612,0.009515372595651137,100,100,1000,5.650896631643277,5.627581273125264,5.632675327529485
10,34,1110,1111,1.0,4845,609,0.00943204288300131,100,100,1000,5.634637966481608,5.61098549355405,5.6173603451721865
10,35,1112,1113,1.0,4845,609,0.009494488930354178,100,100,1000,5.602587651209506,5.579915793209766,5.58762032764367
10,36,1114,1115,1.0,4845,609,0.009601318040602698,100,100,1000,5.64625640727415,5.626170945738104,5.632266943590373
10,37,1116,1117,1.0,4845,613,0.00940214140280656,100,100,1000,5.565809776467995,5.542970050940627,5.548882689056945
10,38,1118,1119,1.0,4845,610,0.009193738745509635,100,100,1000,5.679357053797093,5.655872999002568,5.663267114853336
10,39,1120,1121,1.0,4845,609,0.009435966124034582,100,100,1000,5.654163181278778,5.632155075609422,5.638774117648817
10,40,1122,1123,1.0,4845,611,0.009432977499760195,100,100,1000,5.613513065187061,5.589860196076351,5.596251930520355
10,41,1124,1125,1.0,4845,611,0.0094213747026362,100,100,1000,5.658089346664227,5.633630740663457,5.638404808711264
10,42,1126,1127,1.0,4845,611,0.009195639657827995,100,100,1000,5.651509755143475,5.628214975589527,5.636388537035597
10,43,1128,1129,1.0,4845,611,0.009500459942687573,100,100,1000,5.627414757741368,5.606764955725461,5.612932506513034
10,44,1130,1131,1.0,4845,611,0.009488890442484521,100,100,1000,5.687259943729589,5.6650323477879425,5.67035900592549
10,45,1132,1133,1.0,4845,610,0.009294088503487487,100,100,1000,5.64178833932789,5.619469263170059,5.625584042496157
10,46,1134,1135,1.0,4845,610,0.009593896114029242,100,100,1000,5.653730339152844,5.628553321803296,5.633578853480618
10,47,1136,1137,1.0,4845,610,0.009342718898312615,100,100,1000,5.699098762030764,5.673126097556876,5.67789719828374
10,48,1138,1139,1.0,4845,610,0.009575990310390326,100,100,1000,5.591926373979957,5.569984536068198,5.577077102247355
10,49,1140,1141,1.0,4845,608,0.009248504065295378,100,100,1000,5.725698211149801,5.70622804135381,5.712978989385679
11,0,1142,1143,1.0,7315,891,0.007181782280838971,100,100,1000,5.893221727648588,5.87027971639291,5.879019021603773
11,1,1144,1145,1.0,7315,889,0.007129469154642337,100,100,1000,5.835581054880186,5.810150437561581,5.819856615192198
11,2,1146,1147,1.0,7315,889,0.0072980972622623055,100,100,1000,5.785229357182902,5.761182830167761,5.7700102617568705
11,3,1148,1149,1.0,7315,888,0.0072112573099728785,100,100,1000,5.810199334458261,5.786265057920939,5.79500357457217
11,4,1150,1151,1.0,7315,891,0.007226553773294939,100,100,1000,5.84729434532089,5.822282562654878,5.831866671706811
11,5,1152,1153,1.0,7315,891,0.007289587229590203,100,100,1000,5.808900006900786,5.786576065525323,5.797026566982666
11,6,1154,1155,1.0,7315,890,0.007178210155839344,100,100,1000,5.821989609590572,5.798294641298877,5.808722813824964
11,7,1156,1157,1.0,7315,889,0.007201371631711463,100,100,1000,5.795928217514829,5.772579181196134,5.781388595335102
11,8,1158,1159,1.0,7315,894,0.007148153147796771,100,100,1000,5.856205907524753,5.83211160552468,5.841421922105313
11,9,1160,1161,1.0,7315,889,0.007125967089627013,100,100,1000,5.8422250151975845,5.816154538773345,5.824618353665371
11,10,1162,1163,1.0,7315,889,0.007190124350987294,100,100,1000,5.8397122299471524,5.81529396470625,5.824383916850925
11,11,1164,1165,1.0,7315,890,0.007260233301030979,100,100,1000,5.82100432005058,5.796350568451548,5.805356171204193
11,12,1166,1167,1.0,7315,891,0.007278582401821781,100,100,1000,5.787851064182427,5.764617838666545,5.773599879002883
11,13,1168,1169,1.0,7315,889,0.007213298005350882,100,100,1000,5.8344648423403696,5.810638027054524,5.82032200411806
11,14,1170,1171,1.0,7315,889,0.007161982876183656,100,100,1000,5.906997419853776,5.884924853519874,5.894206325803724
11,15,1172,1173,1.0,7315,889,0.007171723048038283,100,100,1000,5.8100537806719394,5.784223551547884,5.792883897923009
11,16,1174,1175,1.0,7315,889,0.007150533298677684,100,100,1000,5.854841803849568,5.83090592138184,5.84027603686889
11,17,1176,1177,1.0,7315,889,0.0072646406918515085,100,100,1000,5.887040217025977,5.862319787379462,5.8723131864696985
11,18,1178,1179,1.0,7315,890,0.007276446386370568,100,100,1000,5.824070057414313,5.797769485238821,5.806752125170668
11,19,1180,1181,1.0,7315,889,0.007273917846445326,100,100,1000,5.796661197111952,5.773967124735549,5.782377600669277
11,20,1182,1183,1.0,7315,889,0.007151810257875482,100,100,1000,5.832568815239103,5.810150165356844,5.819402046599361
11,21,1184,1185,1.0,7315,892,0.007236830091056664,100,100,1000,5.841245463456508,5.818378744533292,5.828229298662736
11,22,1186,1187,1.0,7315,888,0.007178366251482912,100,100,1000,5.86831124939533,5.845446819558467,5.854769989282361
11,23,1188,1189,1.0,7315,890,0.0071935259322461345,100,100,1000,5.847910447685945,5.824676092768181,5.8341502648469685
11,24,1190,1191,1.0,7315,889,0.007315908408421535,100,100,1000,5.818807894348842,5.7969399487122555,5.805383219452793
11,25,1192,1193,1.0,7315,888,0.007228944136828579,100,100,1000,5.896580783495014,5.872775701777123,5.880916928453933
11,26,1194,1195,1.0,7315,887,0.007318269720238639,100,100,1000,5.798348902582223,5.774396991291754,5.783721241769744
11,27,1196,1197,1.0,7315,890,0.007216713172035698,100,100,1000,5.794963895761854,5.772912500603031,5.780142134723409
11,28,1198,1199,1.0,7315,889,0.007093311063835085,100,100,1000,5.803492033793918,5.7782689691126725,5.787641617317973
11,29,1200,1201,1.0,7315,889,0.007265828709834717,100,100,1000,5.844860978772468,5.822356449730624,5.831887809524455
11,30,1202,1203,1.0,7315,887,0.007262106796335498,100,100,1000,5.856373454639306,5.829583494429305,5.839208061776677
11,31,1204,1205,1.0,7315,891,0.007178357981296742,100,100,1000,5.828035254228404,5.802730807160441,5.812164253096143
11,32,1206,1207,1.0,7315,889,0.0071817385386442,100,100,1000,5.857540503002454,5.831994139841215,5.8415545068557915
11,33,1208,1209,1.0,7315,891,0.007294226837176001,100,100,1000,5.819040394456912,5.793917729801556,5.803066277510555
11,34,1210,1211,1.0,7315,891,0.007148626223365698,100,100,1000,5.87814425869501,5.854248411118191,5.863082220902418
11,35,1212,1213,1.0,7315,889,0.007220041080773932,100,100,1000,5.864391962728319,5.840533540882225,5.849625119200663
11,36,1214,1215,1.0,7315,890,0.007191972103339428,100,100,1000,5.8134179135587685,5.7889832981496205,5.798786092529803
11,37,1216,1217,1.0,7315,889,0.0071712942422949046,100,100,1000,5.8275227357327,5.802489097262258,5.8117315230779925
11,38,1218,1219,1.0,7315,889,0.007098185013206086,100,100,1000,5.868954717590898,5.845829972558361,5.854987506247752
11,39,1220,1221,1.0,7315,889,0.007313564299044084,100,100,1000,5.768760204093201,5.747958151089268,5.757740363712807
11,40,1222,1223,1.0,7315,889,0.007314896205130583,100,100,1000,5.819955841620763,5.794365831278583,5.803849894496397
11,41,1224,1225,1.0,7315,890,0.007226615744207375,100,100,1000,5.801757846538202,5.779960734312362,5.789597719925666
11,42,1226,1227,1.0,7315,891,0.007283417472677821,100,100,1000,5.80821879702376,5.784692550057281,5.793824320517706
11,43,1228,1229,1.0,7315,891,0.007286282962493903,100,100,1000,5.831513239459854,5.807644412162997,5.816659172787886
11,44,1230,1231,1.0,7315,892,0.00725939847018336,100,100,1000,5.795131563385832,5.770616668809714,5.779638070094938
11,45,1232,1233,1.0,7315,890,0.007111650143954625,100,100,1000,5.818660153637728,5.797322621229788,5.805432645357261
11,46,1234,1235,1.0,7315,889,0.007257009198192062,100,100,1000,5.836937873266063,5.813767302683132,5.8235306472737385
11,47,1236,1237,1.0,7315,890,0.007231589042293956,100,100,1000,5.887943224276348,5.861955860152594,5.870646535996205
11,48,1238,1239,1.0,7315,890,0.0072442048000175095,100,100,1000,5.806275580852311,5.78494451608108,5.793079533673017
11,49,1240,1241,1.0,7315,889,0.00719993990091624,100,100,1000,5.833823265851204,5.810418875052831,5.818993729427323
12,0,1242,1243,1.0,10626,1228,0.005633283619289736,100,100,1000,6.180477281190204,6.155985129247463,6.167063786041749
12,1,1244,1245,1.0,10626,1232,0.005644033586165139,100,100,1000,6.140606806382594,6.115027531887863,6.126150717761861
12,2,1246,1247,1.0,10626,1230,0.005726087761847476,100,100,1000,6.144025161570788,6.118847596440521,6.130192697842559
12,3,1248,1249,1.0,10626,1230,0.005578953646293773,100,100,1000,6.1437368512761745,6.117979212990693,6.129595501590785
12,4,1250,1251,1.0,10626,1227,0.005614420930460738,100,100,1000,6.141879689977746,6.117496795211398,6.128834335438148
12,5,1252,1253,1.0,10626,1229,0.005655627069840372,100,100,1000,6.1578902033998055,6.132395202742695,6.143745948361041
12,6,1254,1255,1.0,10626,1223,0.005676855529516124,100,100,1000,6.150564401787749,6.125025713445392,6.13693956892539
12,7,1256,1257,1.0,10626,1228,0.005602230622297379,100,100,1000,6.097085394401156,6.07000461294837,6.081288064906394
12,8,1258,1259,1.0,10626,1234,0.005665343836934822,100,100,1000,6.130249619811837,6.105894496358597,6.117269697676998
12,9,1260,1261,1.0,10626,1223,0.005692950411587732,100,100,1000,6.1612471362239525,6.135765093242458,6.147238057348844
12,10,1262,1263,1.0,10626,1228,0.005688371979060128,100,100,1000,6.1421612361926305,6.118350532002483,6.130060666019789
12,11,1264,1265,1.0,10626,1229,0.005601653317507099,100,100,1000,6.129739245245078,6.104824095264214,6.115852831956329
12,12,1266,1267,1.0,10626,1234,0.005659536941676369,100,100,1000,6.152905842714133,6.128309201046804,6.139258082136453
12,13,1268,1269,1.0,10626,1233,0.0056507000818206135,100,100,1000,6.126815702320846,6.101832381130217,6.112751119848998
12,14,1270,1271,1.0,10626,1233,0.005697241942377605,100,100,1000,6.099063630404137,6.074471327628885,6.08584577604025
12,15,1272,1273,1.0,10626,1241,0.0056697646027739175,100,100,1000,6.058081241489074,6.0328156865812455,6.043423556376811
12,16,1274,1275,1.0,10626,1230,0.0057116659564142,100,100,1000,6.111446169667923,6.086241383046013,6.096901718492766
12,17,1276,1277,1.0,10626,1239,0.005742368321543995,100,100,1000,6.082349322337617,6.057664763133413,6.068703988473041
12,18,1278,1279,1.0,10626,1229,0.005571676089259983,100,100,1000,6.207607294577162,6.179537477358166,6.1908957655062595
12,19,1280,1281,1.0,10626,1232,0.005562037910703164,100,100,1000,6.132103702776068,6.106663089467469,6.118212245956374
12,20,1282,1283,1.0,10626,1229,0.005694433735082122,100,100,1000,6.092249566381546,6.068921991861489,6.0804914781716
12,21,1284,1285,1.0,10626,1226,0.005686989421303096,100,100,1000,6.178249024077306,6.152154235296435,6.1632664920347375
12,22,1286,1287,1.0,10626,1231,0.005618255185783436,100,100,1000,6.095591368451718,6.06918712556075,6.080705226320873
12,23,1288,1289,1.0,10626,1230,0.005691234223490502,100,100,1000,6.111448757294085,6.08663861847942,6.0976038324982245
12,24,1290,1291,1.0,10626,1228,0.005664995611271672,100,100,1000,6.170754589128146,6.144608514697913,6.155776386668593
12,25,1292,1293,1.0,10626,1226,0.005695861839585443,100,100,1000,6.142124118464812,6.115430357960354,6.1264328187162596
12,26,1294,1295,1.0,10626,1228,0.0055626082194752124,100,100,1000,6.165885920996636,6.140912586097607,6.152459864971305
12,27,1296,1297,1.0,10626,1229,0.005678630276063003,100,100,1000,6.150912268417998,6.126979706003563,6.1377816602140784
12,28,1298,1299,1.0,10626,1231,0.005677384825804815,100,100,1000,6.156755236941444,6.130912741334531,6.1423902343831145
12,29,1300,1301,1.0,10626,1233,0.0056706555890298155,100,100,1000,6.131140406268873,6.102868982682088,6.113969443679489
12,30,1302,1303,1.0,10626,1228,0.005701268836922446,100,100,1000,6.077347060536463,6.051743339563001,6.062625175204204
12,31,1304,1305,1.0,10626,1232,0.005702614084690976,100,100,1000,6.16365189802903,6.139718431473467,6.151476716837456
12,32,1306,1307,1.0,10626,1235,0.005652085369466856,100,100,1000,6.099746711764933,6.07591863531229,6.087543529055781
12,33,1308,1309,1.0,10626,1231,0.005703531006044731,100,100,1000,6.138119062300892,6.111660739004102,6.123117923807446
12,34,1310,1311,1.0,10626,1234,0.005621976663558479,100,100,1000,6.120678092813516,6.095433015660924,6.106999276747211
12,35,1312,1313,1.0,10626,1229,0.005676147103287402,100,100,1000,6.1554483875558965,6.1316933429222065,6.143336730546685
12,36,1314,1315,1.0,10626,1233,0.005651043739557816,100,100,1000,6.130012934508623,6.103342922282596,6.115107706638102
12,37,1316,1317,1.0,10626,1237,0.005597767269104696,100,100,1000,6.084217327721461,6.06148680961242,6.0725117552487315
12,38,1318,1319,1.0,10626,1228,0.005662362506760875,100,100,1000,6.150940645713078,6.125975930660606,6.137607425990922
12,39,1320,1321,1.0,10626,1231,0.0056615585267772665,100,100,1000,6.122067504604481,6.097221418489181,6.108774844635956
12,40,1322,1323,1.0,10626,1229,0.005666503097291174,100,100,1000,6.158608379501211,6.134250769472723,6.145036285317977
12,41,1324,1325,1.0,10626,1233,0.005704012482036398,100,100,1000,6.099022110250818,6.071643897135026,6.0834777552502235
12,42,1326,1327,1.0,10626,1232,0.005627339209433845,100,100,1000,6.1614772208548905,6.135701735583038,6.146878912808514
12,43,1328,1329,1.0,10626,1230,0.005675493518322115,100,100,1000,6.128517679750961,6.102897238911753,6.113884320548671
12,44,1330,1331,1.0,10626,1229,0.005661143549430801,100,100,1000,6.149438560773138,6.12370814406373,6.134574591007486
12,45,1332,1333,1.0,10626,1218,0.005707642002613598,100,100,1000,6.188290056672258,6.161686834533371,6.173979405148225
12,46,1334,1335,1.0,10626,1231,0.005722528822908794,100,100,1000,6.147512354648396,6.123404967587827,6.134498059279722
12,47,1336,1337,1.0,10626,1228,0.0056373745162093345,100,100,1000,6.144659792590192,6.117718891608874,6.129125999921705
12,48,1338,1339,1.0,10626,1227,0.005625234112763305,100,100,1000,6.117331414951604,6.090943127756068,6.102038502918791
12,49,1340,1341,1.0,10626,1221,0.0056415348281138224,100,100,1000,6.170718404979677,6.144482776205859,6.155722614011083
13,0,1342,1343,1.0,14950,1595,0.004577530102918822,100,100,1000,6.677591216449741,6.650784424675036,6.663949074297011
13,1,1344,1345,1.0,14950,1617,0.004546744178261997,100,100,1000,6.593797352254765,6.566047232944259,6.5789508305647235
13,2,1346,1347,1.0,14950,1611,0.004516564426546585,100,100,1000,6.616326446161706,6.5883666188416266,6.6013906145228445
13,3,1348,1349,1.0,14950,1601,0.004488989490261453,100,100,1000,6.716076147578061,6.68892793045029,6.702090738120987
13,4,1350,1351,1.0,14950,1606,0.004552784352668473,100,100,1000,6.638418105482104,6.610436627749569,6.623430406876347
13,5,1352,1353,1.0,14950,1595,0.00448644124282855,100,100,1000,6.675990629226716,6.647593131569781,6.660720554733203
13,6,1354,1355,1.0,14950,1609,0.00453690974087026,100,100,1000,6.615947058372217,6.589294168690433,6.602496752366565
13,7,1356,1357,1.0,14950,1596,0.0044943422164274395,100,100,1000,6.695769782572792,6.667896235003412,6.681290133805277
13,8,1358,1359,1.0,14950,1616,0.004522056367498173,100,100,1000,6.62250293865554,6.593983187406017,6.607079403534344
13,9,1360,1361,1.0,14950,1611,0.004530473389736342,100,100,1000,6.645174114963408,6.615620019655857,6.629210728384332
13,10,1362,1363,1.0,14950,1604,0.004495027291715219,100,100,1000,6.661477953863274,6.634534326157653,6.647807107754513
13,11,1364,1365,1.0,14950,1596,0.004523022243547611,100,100,1000,6.698852320669683,6.669959817179827,6.683069855469321
13,12,1366,1367,1.0,14950,1610,0.004501102994131859,100,100,1000,6.621311979522819,6.593065784166868,6.606028104010972
13,13,1368,1369,1.0,14950,1586,0.004529476100164258,100,100,1000,6.719109488149917,6.690456933893228,6.703941965720718
13,14,1370,1371,1.0,14950,1598,0.004544269693830568,100,100,1000,6.7029615263360744,6.676631046751163,6.690091688200179
13,15,1372,1373,1.0,14950,1618,0.004554447168379185,100,100,1000,6.589077084268635,6.56167041538585,6.574846887126821
13,16,1374,1375,1.0,14950,1601,0.004527743006543583,100,100,1000,6.702350593133789,6.673206875349802,6.686068529218272
13,17,1376,1377,1.0,14950,1595,0.004500278613795654,100,100,1000,6.703071554015874,6.6733006601141565,6.686473821694687
13,18,1378,1379,1.0,14950,1603,0.004559017973547111,100,100,1000,6.655460682963093,6.628394815579896,6.641239524365537
13,19,1380,1381,1.0,14950,1601,0.004525138273521653,100,100,1000,6.645060980341077,6.617566489245323,6.6307420187221355
13,20,1382,1383,1.0,14950,1589,0.004525734875894405,100,100,1000,6.710632778082633,6.68190112556769,6.695053153987411
13,21,1384,1385,1.0,14950,1599,0.004587293386596545,100,100,1000,6.635980272886869,6.608344197382534,6.621221390582068
13,22,1386,1387,1.0,14950,1575,0.004572023023126739,100,100,1000,6.769950965401893,6.740868368753014,6.754316965952933
13,23,1388,1389,1.0,14950,1603,0.004515982160624742,100,100,1000,6.677980266900867,6.649774202994455,6.662949756879248
13,24,1390,1391,1.0,14950,1610,0.0045316076545160846,100,100,1000,6.590481985557833,6.563090602034564,6.5760950860686025
13,25,1392,1393,1.0,14950,1589,0.004536755204170523,100,100,1000,6.695773765850663,6.666476359143892,6.679405983042848
13,26,1394,1395,1.0,14950,1603,0.004520220938242784,100,100,1000,6.6318716494903525,6.603138134271086,6.616432859803546
13,27,1396,1397,1.0,14950,1596,0.00449649066150384,100,100,1000,6.698819389419992,6.6705100292772554,6.683997306523723
13,28,1398,1399,1.0,14950,1608,0.004490786092404162,100,100,1000,6.654843792142213,6.625677518205964,6.638925961751667
13,29,1400,1401,1.0,14950,1607,0.004568427816829573,100,100,1000,6.6562394876594215,6.62804384052627,6.641501024760093
13,30,1402,1403,1.0,14950,1601,0.004521378987642147,100,100,1000,6.691455176184982,6.663990248394482,6.6772864197895
13,31,1404,1405,1.0,14950,1592,0.0045678104112866266,100,100,1000,6.7111901737973625,6.683260597022263,6.6961183682905006
13,32,1406,1407,1.0,14950,1600,0.004547594929638446,100,100,1000,6.6566503001174615,6.62809530216376,6.641240551169208
13,33,1408,1409,1.0,14950,1601,0.0045456829868700845,100,100,1000,6.672202525849307,6.642987410338555,6.656284864659848
13,34,1410,1411,1.0,14950,1584,0.004547601072958149,100,100,1000,6.745802489378301,6.715963592925412,6.729177372398011
13,35,1412,1413,1.0,14950,1596,0.004564795557785395,100,100,1000,6.609672534291913,6.579580459518089,6.592544900326047
13,36,1414,1415,1.0,14950,1600,0.004561133157576187,100,100,1000,6.625149540046581,6.59734936577254,6.610615199821297
13,37,1416,1417,1.0,14950,1614,0.004512335720729288,100,100,1000,6.646882881642111,6.620254866844,6.63353157441897
13,38,1418,1419,1.0,14950,1612,0.0044885857913118735,100,100,1000,6.670276881094012,6.64324052951206,6.656041159272511
13,39,1420,1421,1.0,14950,1586,0.004542011800639681,100,100,1000,6.754434277588938,6.727978760616092,6.741505191865208
13,40,1422,1423,1.0,14950,1599,0.004568693153281471,100,100,1000,6.650461069710074,6.621681959875245,6.634687664971613
13,41,1424,1425,1.0,14950,1612,0.004519586836412163,100,100,1000,6.6366741752405485,6.607732838246682,6.621036440340684
13,42,1426,1427,1.0,14950,1597,0.004561757677560468,100,100,1000,6.641700371535683,6.612375075731413,6.625264267155255
13,43,1428,1429,1.0,14950,1603,0.004564947555941317,100,100,1000,6.597635583876801,6.571280543220279,6.584250828351332
13,44,1430,1431,1.0,14950,1609,0.004525483028422715,100,100,1000,6.630646805911446,6.602236753205202,6.615576339426427
13,45,1432,1433,1.0,14950,1614,0.004500219882763087,100,100,1000,6.624837370646806,6.595900848260718,6.609006194744047
13,46,1434,1435,1.0,14950,1593,0.00451518182436803,100,100,1000,6.64574147245671,6.619531219321234,6.632467695924767
13,47,1436,1437,1.0,14950,1594,0.004468637950728358,100,100,1000,6.686047607561863,6.657535454919487,6.670713806933119
13,48,1438,1439,1.0,14950,1604,0.004602588629711278,100,100,1000,6.676113828915379,6.649493125980168,6.662802580441006
13,49,1440,1441,1.0,14950,1605,0.004559052257857219,100,100,1000,6.646558440030665,6.618244250653804,6.631529851118448
14,0,1442,1443,1.0,20475,1955,0.003726241312598792,100,100,1000,7.445227251132023,7.414909901419227,7.430416134359775
14,1,1444,1445,1.0,20475,1963,0.0036865460518784848,100,100,1000,7.45475428558078,7.4226528727978955,7.438301096969717
14,2,1446,1447,1.0,20475,1956,0.003735029362653389,100,100,1000,7.420578226888863,7.38957353056569,7.404973645181974
14,3,1448,1449,1.0,20475,1964,0.0036949680298475614,100,100,1000,7.452971333131951,7.421807817669737,7.437255261814916
14,4,1450,1451,1.0,20475,1960,0.0036716596693333885,100,100,1000,7.451222676769392,7.4190324636247915,7.434480431888689
14,5,1452,1453,1.0,20475,1954,0.0037152129067397344,100,100,1000,7.4717460308812536,7.440316759977653,7.4559563002801355
14,6,1454,1455,1.0,20475,1945,0.003686045341481577,100,100,1000,7.567883279362376,7.53408367911447,7.5497637990062225
14,7,1456,1457,1.0,20475,1962,0.0037216609352581707,100,100,1000,7.4405123163942415,7.407232123322147,7.422681593362227
14,8,1458,1459,1.0,20475,1953,0.0036850079648091233,100,100,1000,7.484539244849293,7.451752641324952,7.467544060301703
14,9,1460,1461,1.0,20475,1955,0.0036909453038829194,100,100,1000,7.512050502689307,7.479642932307738,7.4952815070781655
14,10,1462,1463,1.0,20475,1951,0.003685149277022371,100,100,1000,7.460906158594534,7.427820421328707,7.443445436988526
14,11,1464,1465,1.0,20475,1972,0.003729348753358063,100,100,1000,7.4085337352105265,7.377074899936783,7.392210384152503
14,12,1466,1467,1.0,20475,1939,0.003735693880220641,100,100,1000,7.5024550469003,7.468977475665666,7.484239351589957
14,13,1468,1469,1.0,20475,1937,0.0036848283509213907,100,100,1000,7.499743411178992,7.466841756954701,7.482537972861186
14,14,1470,1471,1.0,20475,1956,0.0036656185527145376,100,100,1000,7.46585771177809,7.432965273857349,7.448416928183191
14,15,1472,1473,1.0,20475,1940,0.00371438804268702,100,100,1000,7.566183630770304,7.532367575196975,7.548114380044617
14,16,1474,1475,1.0,20475,1971,0.0036872374628232696,100,100,1000,7.422735156281851,7.391698664687413,7.407032455944496
14,17,1476,1477,1.0,20475,1978,0.0037247358013184975,100,100,1000,7.381685123416046,7.349682620988293,7.364880675567848
14,18,1478,1479,1.0,20475,1947,0.0037592179691649415,100,100,1000,7.44283681440224,7.4116550733308015,7.427339121018689
14,19,1480,1481,1.0,20475,1972,0.003716226388682472,100,100,1000,7.427940060374265,7.396841756819943,7.412030200458159
14,20,1482,1483,1.0,20475,1976,0.0037360486740861494,100,100,1000,7.371655979864606,7.340878934276533,7.356259602842838
14,21,1484,1485,1.0,20475,1944,0.0036525119218930604,100,100,1000,7.537244154838091,7.504184699910752,7.519778995645677
14,22,1486,1487,1.0,20475,1970,0.003692952491761789,100,100,1000,7.451729897785476,7.42012051814903,7.435349325190697
14,23,1488,1489,1.0,20475,1954,0.003719149428207955,100,100,1000,7.471909563516495,7.438440046835569,7.4539618734056425
14,24,1490,1491,1.0,20475,1947,0.003667942733699669,100,100,1000,7.514650867732703,7.482115849607534,7.497489352151087
14,25,1492,1493,1.0,20475,1982,0.003700403192228773,100,100,1000,7.358357722414191,7.327020326816992,7.342326041195933
14,26,1494,1495,1.0,20475,1943,0.003711194512197458,100,100,1000,7.511038738718487,7.479115200458452,7.494768098925959
14,27,1496,1497,1.0,20475,1980,0.0037126936705221894,100,100,1000,7.367838799324705,7.3363259942272006,7.351475687270075
14,28,1498,1499,1.0,20475,1970,0.003712972298095836,100,100,1000,7.429849322839972,7.396161146757865,7.411772426022021
14,29,1500,1501,1.0,20475,1955,0.0037149921350364506,100,100,1000,7.462236590695308,7.428516865695892,7.444292941109656
14,30,1502,1503,1.0,20475,1931,0.0036899425802585863,100,100,1000,7.549611144920791,7.517075287432619,7.53315989757599
14,31,1504,1505,1.0,20475,1979,0.0036952500225235453,100,100,1000,7.37980417109954,7.347715622991005,7.3630769480148786
14,32,1506,1507,1.0,20475,1944,0.003696808506927293,100,100,1000,7.511247520847315,7.478165409289424,7.493670466851772
14,33,1508,1509,1.0,20475,1965,0.003737730802788959,100,100,1000,7.427228861574221,7.394982150559717,7.410547188507567
14,34,1510,1511,1.0,20475,1953,0.003684521004894529,100,100,1000,7.520000276358998,7.487746127326778,7.503446200407128
14,35,1512,1513,1.0,20475,1944,0.003695771928648544,100,100,1000,7.5061070819457765,7.472593788464441,7.48829088026098
14,36,1514,1515,1.0,20475,1975,0.0036956666763855793,100,100,1000,7.385989362925058,7.356432713378903,7.371994853198148
14,37,1516,1517,1.0,20475,1952,0.003697445940878265,100,100,1000,7.5099006906727155,7.476970556474705,7.492444834430797
14,38,1518,1519,1.0,20475,1964,0.00368951693525846,100,100,1000,7.431153929154121,7.39896543660445,7.414386818278171
14,39,1520,1521,1.0,20475,1977,0.003719965048250197,100,100,1000,7.381976215447522,7.350969780291268,7.36636563929195
14,40,1522,1523,1.0,20475,1945,0.0036564268095074072,100,100,1000,7.502122079016858,7.469408209781484,7.4850210287090615
14,41,1524,1525,1.0,20475,1949,0.003704472075409069,100,100,1000,7.446616604570563,7.412422171401279,7.427884408808474
14,42,1526,1527,1.0,20475,1977,0.003700109586794219,100,100,1000,7.37821476076882,7.3450444625595255,7.360004084298558
14,43,1528,1529,1.0,20475,1947,0.0036885477498250292,100,100,1000,7.48276284086195,7.450137227570407,7.465643791014178
14,44,1530,1531,1.0,20475,1968,0.003692187560547825,100,100,1000,7.49539325391069,7.4648055604660035,7.48025201890558
14,45,1532,1533,1.0,20475,1973,0.0037054572902807253,100,100,1000,7.421510636827263,7.389681516081475,7.405100891609329
14,46,1534,1535,1.0,20475,1967,0.0037084562427345184,100,100,1000,7.435855657564374,7.404556362060708,7.41972159303003
14,47,1536,1537,1.0,20475,1946,0.003722671587069238,100,100,1000,7.434623531910163,7.402601209097,7.418078716765349
14,48,1538,1539,1.0,20475,1963,0.003724360624594218,100,100,1000,7.431701269302684,7.400580327194987,7.4160860730043705
14,49,1540,1541,1.0,20475,1957,0.0036826500980294227,100,100,1000,7.481517489439833,7.44885288695429,7.464259384832779
15,0,1542,1543,1.0,27405,2316,0.0030479109069064445,100,100,1000,8.421080778669747,8.385598603591493,8.403622760982092
15,1,1544,1545,1.0,27405,2300,0.0030685253982810127,100,100,1000,8.442253908409535,8.403457502806699,8.421860200554288
15,2,1546,1547,1.0,27405,2282,0.0030836565388225987,100,100,1000,8.456221017999637,8.419051297885227,8.43719690164274
15,3,1548,1549,1.0,27405,2303,0.00306750062944873,100,100,1000,8.461109569286418,8.424117979663315,8.44223993654463
15,4,1550,1551,1.0,27405,2304,0.0030670897980276473,100,100,1000,8.397695967892355,8.36046614029374,8.378514817380545
15,5,1552,1553,1.0,27405,2295,0.003078581166157341,100,100,1000,8.476261510119047,8.438181666212854,8.45631374533868
15,6,1554,1555,1.0,27405,2257,0.003077624871150683,100,100,1000,8.586191980437457,8.549112704346054,8.567411011795475
15,7,1556,1557,1.0,27405,2301,0.00303863279814079,100,100,1000,8.418573998814246,8.382770139786496,8.400786246504731
15,8,1558,1559,1.0,27405,2300,0.003069152217149608,100,100,1000,8.4560483466611,8.418454372687023,8.436509467706719
15,9,1560,1561,1.0,27405,2282,0.003049887375487905,100,100,1000,8.478692608641534,8.443520383316214,8.461685106550778
15,10,1562,1563,1.0,27405,2283,0.0030598596983740733,100,100,1000,8.514573220470078,8.476452310694423,8.494665467780186
15,11,1564,1565,1.0,27405,2334,0.0030657692523183375,100,100,1000,8.333842252867013,8.296745844979222,8.314738086868037
15,12,1566,1567,1.0,27405,2311,0.0030573671944377737,100,100,1000,8.384952122300362,8.348640376549236,8.36672585618042
15,13,1568,1569,1.0,27405,2280,0.0030631923180001524,100,100,1000,8.539970296520824,8.503389790934646,8.521811719797823
15,14,1570,1571,1.0,27405,2279,0.0030972444546235427,100,100,1000,8.510082062233105,8.473734902029825,8.49195430053077
15,15,1572,1573,1.0,27405,2277,0.0030858730973627956,100,100,1000,8.540008154208603,8.502967862305253,8.521302631428206
15,16,1574,1575,1.0,27405,2318,0.0030625134838881156,100,100,1000,8.399914678398998,8.364461972727419,8.382627720198172
15,17,1576,1577,1.0,27405,2294,0.0030929417909437394,100,100,1000,8.413350445653242,8.376800110412171,8.39463089543612
15,18,1578,1579,1.0,27405,2292,0.003064647480002839,100,100,1000,8.54738386424344,8.511405711923583,8.529819383513653
15,19,1580,1581,1.0,27405,2279,0.003055460185069188,100,100,1000,8.523091729323005,8.48440989892977,8.502702564471717
15,20,1582,1583,1.0,27405,2297,0.003049906958250424,100,100,1000,8.448026305802403,8.408618251184025,8.426618840198127
15,21,1584,1585,1.0,27405,2313,0.003077978570468713,100,100,1000,8.39112625211155,8.354624930693477,8.372514553822498
15,22,1586,1587,1.0,27405,2305,0.0030961484376952155,100,100,1000,8.415915433769781,8.378838430646063,8.396952539576487
15,23,1588,1589,1.0,27405,2283,0.00306354604657423,100,100,1000,8.507893659762418,8.471244477568678,8.48956360558289
15,24,1590,1591,1.0,27405,2284,0.003070529891735124,100,100,1000,8.518776002613972,8.481359048614296,8.499779160404072
15,25,1592,1593,1.0,27405,2262,0.003086672820884919,100,100,1000,8.56807672151575,8.531043530504077,8.549501747154741
15,26,1594,1595,1.0,27405,2259,0.0030662500981964327,100,100,1000,8.592160638499786,8.553799434028388,8.572289465844118
15,27,1596,1597,1.0,27405,2282,0.0030537153398910192,100,100,1000,8.482782887201099,8.44515833249681,8.463228504620133
15,28,1598,1599,1.0,27405,2277,0.0030583327092577484,100,100,1000,8.523490962655105,8.484783008794224,8.503116730671556
15,29,1600,1601,1.0,27405,2286,0.003059204057245566,100,100,1000,8.502613597164409,8.464180776946767,8.482517732600774
15,30,1602,1603,1.0,27405,2311,0.0030627671761501237,100,100,1000,8.43704962321469,8.399228119650672,8.417344738494842
15,31,1604,1605,1.0,27405,2281,0.003076200398142125,100,100,1000,8.57531764524061,8.536248899298714,8.554805973219498
15,32,1606,1607,1.0,27405,2297,0.0030633276791269294,100,100,1000,8.443625771971366,8.406333714209595,8.424584690664796
15,33,1608,1609,1.0,27405,2293,0.0030773266781458815,100,100,1000,8.409269781083081,8.372500056753587,8.39073233489204
15,34,1610,1611,1.0,27405,2291,0.0030779986485570095,100,100,1000,8.457518037724988,8.419051341397822,8.437326480357807
15,35,1612,1613,1.0,27405,2281,0.003090820723415157,100,100,1000,8.491319969418713,8.454556198702907,8.47278192785907
15,36,1614,1615,1.0,27405,2291,0.0030650292516445467,100,100,1000,8.477298540599142,8.442341724941777,8.460748377156554
15,37,1616,1617,1.0,27405,2297,0.003075901349264526,100,100,1000,8.471981268299404,8.436465605758562,8.454860734634108
15,38,1618,1619,1.0,27405,2293,0.003072770336650537,100,100,1000,8.442478884571912,8.408075639613061,8.426292581983528
15,39,1620,1621,1.0,27405,2312,0.003074665630879604,100,100,1000,8.376005819199964,8.34149679004555,8.359491995054597
15,40,1622,1623,1.0,27405,2316,0.003043736295549441,100,100,1000,8.43578313472344,8.398720022369627,8.416803133751444
15,41,1624,1625,1.0,27405,2295,0.0030838970113200906,100,100,1000,8.488815415858456,8.452999154354,8.47110760567111
15,42,1626,1627,1.0,27405,2291,0.0030902875683533958,100,100,1000,8.490120696808273,8.45294045628621,8.471090128484436
15,43,1628,1629,1.0,27405,2300,0.0030643412705150756,100,100,1000,8.46728812374004,8.429473315969469,8.447532357179217
15,44,1630,1631,1.0,27405,2270,0.0030797423736299494,100,100,1000,8.530341286175847,8.4913851778,8.509839197231951
15,45,1632,1633,1.0,27405,2287,0.003069743391656951,100,100,1000,8.494202770839005,8.457456401383473,8.475656546461835
15,46,1634,1635,1.0,27405,2277,0.0030553000360074205,100,100,1000,8.529749480851121,8.492065659806398,8.510244353846014
15,47,1636,1637,1.0,27405,2289,0.003074020211583357,100,100,1000,8.453526322472563,8.4158221801374,8.433689499832806
15,48,1638,1639,1.0,27405,2291,0.003061756283318959,100,100,1000,8.479881206420789,8.442707037776723,8.460669350973983
15,49,1640,1641,1.0,27405,2302,0.0030700060960817065,100,100,1000,8.44677882974501,8.410547332880174,8.428757519607771
16,0,1642,1643,1.0,35960,2901,0.002583996700537146,100,100,1000,8.780611342658778,,
16,1,1644,1645,1.0,35960,2897,0.002582268984068724,100,100,1000,8.805422230502613,,
16,2,1646,1647,1.0,35960,2901,0.00257243562372165,100,100,1000,8.767614661473873,,
16,3,1648,1649,1.0,35960,2906,0.0025790417065260003,100,100,1000,8.775805393375439,,
16,4,1650,1651,1.0,35960,2903,0.0025606574454014996,100,100,1000,8.782395959331982,,
16,5,1652,1653,1.0,35960,2896,0.0025810076513881463,100,100,1000,8.80373712128753,,
16,6,1654,1655,1.0,35960,2899,0.00256060191876496,100,100,1000,8.76828375683927,,
16,7,1656,1657,1.0,35960,2898,0.0025684839421603826,100,100,1000,8.799870608101914,,
16,8,1658,1659,1.0,35960,2901,0.002563557541034986,100,100,1000,8.762868544157373,,
16,9,1660,1661,1.0,35960,2899,0.0025627429758647248,100,100,1000,8.749889248729147,,
16,10,1662,1663,1.0,35960,2898,0.0026017312079511636,100,100,1000,8.755920568122916,,
16,11,1664,1665,1.0,35960,2900,0.0025845912143305787,100,100,1000,8.757927648825557,,
16,12,1666,1667,1.0,35960,2902,0.002575356398953199,100,100,1000,8.777097680019452,,
16,13,1668,1669,1.0,35960,2899,0.002564029893021362,100,100,1000,8.77291952316631,,
16,14,1670,1671,1.0,35960,2902,0.0025562529477996857,100,100,1000,8.804866608212603,,
16,15,1672,1673,1.0,35960,2906,0.0025722464774435533,100,100,1000,8.749816357315614,,
16,16,1674,1675,1.0,35960,2899,0.0025943582897828507,100,100,1000,8.76987971766864,,
16,17,1676,1677,1.0,35960,2900,0.002567757029886272,100,100,1000,8.749120787451089,,
16,18,1678,1679,1.0,35960,2902,0.0025758192896865022,100,100,1000,8.769135831542417,,
16,19,1680,1681,1.0,35960,2893,0.0025831278658432328,100,100,1000,8.771157921702708,,
16,20,1682,1683,1.0,35960,2900,0.0025541394172470555,100,100,1000,8.814092490763706,,
16,21,1684,1685,1.0,35960,2901,0.0025838478692113186,100,100,1000,8.751181206628873,,
16,22,1686,1687,1.0,35960,2898,0.00257612162131971,100,100,1000,8.776112245650696,,
16,23,1688,1689,1.0,35960,2901,0.002557534265565861,100,100,1000,8.79331412698694,,
16,24,1690,1691,1.0,35960,2900,0.002577858469682549,100,100,1000,8.780905101216616,,
16,25,1692,1693,1.0,35960,2896,0.0025688780745104353,100,100,1000,8.82945571195316,,
16,26,1694,1695,1.0,35960,2897,0.002574348961772562,100,100,1000,8.81060552773216,,
16,27,1696,1697,1.0,35960,2895,0.0025788491688805795,100,100,1000,8.812590623373566,,
16,28,1698,1699,1.0,35960,2897,0.002574421931788292,100,100,1000,8.765940976197147,,
16,29,1700,1701,1.0,35960,2900,0.0025733016351272035,100,100,1000,8.814988931101837,,
16,30,1702,1703,1.0,35960,2897,0.002563166409651766,100,100,1000,8.788581888032901,,
16,31,1704,1705,1.0,35960,2903,0.0025849650702593915,100,100,1000,8.762447060957266,,
16,32,1706,1707,1.0,35960,2894,0.0025811249342835136,100,100,1000,8.775446810808367,,
16,33,1708,1709,1.0,35960,2903,0.002567465851113104,100,100,1000,8.801963154825883,,
16,34,1710,1711,1.0,35960,2894,0.002556240451304236,100,100,1000,8.774091068032304,,
16,35,1712,1713,1.0,35960,2899,0.002561345827545684,100,100,1000,8.769937182949283,,
16,36,1714,1715,1.0,35960,2907,0.002577412290410159,100,100,1000,8.729770839071254,,
16,37,1716,1717,1.0,35960,2901,0.0025777720907935106,100,100,1000,8.775078190443088,,
16,38,1718,1719,1.0,35960,2896,0.002571366996880178,100,100,1000,8.80133218592177,,
16,39,1720,1721,1.0,35960,2903,0.0025700563746378128,100,100,1000,8.754032866216365,,
16,40,1722,1723,1.0,35960,2902,0.0025776022992261326,100,100,1000,8.812897687534829,,
16,41,1724,1725,1.0,35960,2901,0.0025734691465065245,100,100,1000,8.791088950304788,,
16,42,1726,1727,1.0,35960,2894,0.0025632307984664563,100,100,1000,8.79934297641534,,
16,43,1728,1729,1.0,35960,2899,0.0025739696727723046,100,100,1000,8.793950856245976,,
16,44,1730,1731,1.0,35960,2898,0.0025865939398521266,100,100,1000,8.782056519267607,,
16,45,1732,1733,1.0,35960,2899,0.002601942844930537,100,100,1000,8.774156523359498,,
16,46,1734,1735,1.0,35960,2893,0.0025713270868955073,100,100,1000,8.779768315515401,,
16,47,1736,1737,1.0,35960,2893,0.0025804182211644354,100,100,1000,8.792711038878736,,
16,48,1738,1739,1.0,35960,2900,0.002562219548689968,100,100,1000,8.778918369155281,,
16,49,1740,1741,1.0,35960,2898,0.0025721865635340616,100,100,1000,8.759318759653034,,
17,0,1742,1743,1.0,46376,3624,0.0021912757419319828,100,100,1000,9.084802411944386,,
17,1,1744,1745,1.0,46376,3617,0.0021778213479971896,100,100,1000,9.075381600089228,,
17,2,1746,1747,1.0,46376,3626,0.002187453088587131,100,100,1000,9.0786577952314,,
17,3,1748,1749,1.0,46376,3639,0.002195648777635843,100,100,1000,9.044858591415142,,
17,4,1750,1751,1.0,46376,3625,0.002178995538928988,100,100,1000,9.074053844489312,,
17,5,1752,1753,1.0,46376,3619,0.002181659081028259,100,100,1000,9.071467175007657,,
17,6,1754,1755,1.0,46376,3628,0.0021828345744271155,100,100,1000,9.04948953930807,,
17,7,1756,1757,1.0,46376,3624,0.0021810183166718587,100,100,1000,9.090639132342204,,
17,8,1758,1759,1.0,46376,3624,0.0021887720343075085,100,100,1000,9.077592943129831,,
17,9,1760,1761,1.0,46376,3627,0.0021916692003762952,100,100,1000,9.055561504960746,,
17,10,1762,1763,1.0,46376,3629,0.0021885285817539817,100,100,1000,9.056907458904202,,
17,11,1764,1765,1.0,46376,3630,0.0021806008330706463,100,100,1000,9.06840009264277,,
17,12,1766,1767,1.0,46376,3629,0.002191698839197705,100,100,1000,9.063081297700966,,
17,13,1768,1769,1.0,46376,3623,0.0021801701006869934,100,100,1000,9.059340648935544,,
17,14,1770,1771,1.0,46376,3642,0.0021899859803784236,100,100,1000,9.073947684765034,,
17,15,1772,1773,1.0,46376,3639,0.0022134714263437904,100,100,1000,9.02970554875697,,
17,16,1774,1775,1.0,46376,3625,0.0021788762982123074,100,100,1000,9.055159102969009,,
17,17,1776,1777,1.0,46376,3626,0.0021858606017224162,100,100,1000,9.072683303643705,,
17,18,1778,1779,1.0,46376,3631,0.0021914009997892757,100,100,1000,9.032816996281941,,
17,19,1780,1781,1.0,46376,3632,0.0021906800731018297,100,100,1000,9.061242030978658,,
17,20,1782,1783,1.0,46376,3623,0.00218389368970029,100,100,1000,9.05656650009193,,
17,21,1784,1785,1.0,46376,3633,0.002199462668478302,100,100,1000,9.02006791026619,,
17,22,1786,1787,1.0,46376,3621,0.002187655426075345,100,100,1000,9.110176582744455,,
17,23,1788,1789,1.0,46376,3621,0.0021772846589715195,100,100,1000,9.061658146644701,,
17,24,1790,1791,1.0,46376,3636,0.002174497608178285,100,100,1000,9.074872426253874,,
17,25,1792,1793,1.0,46376,3623,0.00218890416234753,100,100,1000,9.07477614464787,,
17,26,1794,1795,1.0,46376,3623,0.002187186383116026,100,100,1000,9.05735841846624,,
17,27,1796,1797,1.0,46376,3626,0.0021838526051794977,100,100,1000,9.0689870125514,,
17,28,1798,1799,1.0,46376,3627,0.002194552322708878,100,100,1000,9.067761321019978,,
17,29,1800,1801,1.0,46376,3623,0.002195713190208287,100,100,1000,9.066117900024826,,
17,30,1802,1803,1.0,46376,3627,0.00219531915528877,100,100,1000,9.066149104698537,,
17,31,1804,1805,1.0,46376,3621,0.00218222210341683,100,100,1000,9.072595416671474,,
17,32,1806,1807,1.0,46376,3635,0.002186476333603704,100,100,1000,9.047349751340064,,
17,33,1808,1809,1.0,46376,3621,0.002185352554374388,100,100,1000,9.094986852126478,,
17,34,1810,1811,1.0,46376,3624,0.002193371345467725,100,100,1000,9.057090486055701,,
17,35,1812,1813,1.0,46376,3626,0.0021781039617591244,100,100,1000,9.06647835163901,,
17,36,1814,1815,1.0,46376,3624,0.002197835562028637,100,100,1000,9.100185351333012,,
17,37,1816,1817,1.0,46376,3625,0.002182474831063397,100,100,1000,9.045245622871107,,
17,38,1818,1819,1.0,46376,3627,0.0021796453529402742,100,100,1000,9.104238443284524,,
17,39,1820,1821,1.0,46376,3621,0.002175710001269087,100,100,1000,9.069077842976057,,
17,40,1822,1823,1.0,46376,3627,0.0021937254230268302,100,100,1000,9.059292608061764,,
17,41,1824,1825,1.0,46376,3623,0.0021784485549111977,100,100,1000,9.081914879765316,,
17,42,1826,1827,1.0,46376,3636,0.002189422265255823,100,100,1000,9.016010463430574,,
17,43,1828,1829,1.0,46376,3634,0.002198037480064797,100,100,1000,9.041108988237262,,
17,44,1830,1831,1.0,46376,3624,0.002198779493993628,100,100,1000,9.089012961366285,,
17,45,1832,1833,1.0,46376,3615,0.002200011107574608,100,100,1000,9.064946554825788,,
17,46,1834,1835,1.0,46376,3610,0.002187734253918273,100,100,1000,9.102132784599872,,
17,47,1836,1837,1.0,46376,3630,0.002184726906014506,100,100,1000,9.035721764519858,,
17,48,1838,1839,1.0,46376,3613,0.0021937713248927626,100,100,1000,9.065021391837075,,
17,49,1840,1841,1.0,46376,3626,0.002190416692437771,100,100,1000,9.086469687688387,,
18,0,1842,1843,1.0,58905,4403,0.0018804156369731557,100,100,1000,9.512620197927836,,
18,1,1844,1845,1.0,58905,4416,0.0018742985444740558,100,100,1000,9.470778366458404,,
18,2,1846,1847,1.0,58905,4396,0.0018750837374673912,100,100,1000,9.54442336089522,,
18,3,1848,1849,1.0,58905,4406,0.0018756773868945898,100,100,1000,9.502649151515058,,
18,4,1850,1851,1.0,58905,4389,0.0018798301861272018,100,100,1000,9.581112321649314,,
18,5,1852,1853,1.0,58905,4422,0.0018814998023212325,100,100,1000,9.46056043161115,,
18,6,1854,1855,1.0,58905,4400,0.0018792811186581651,100,100,1000,9.5300085374232,,
18,7,1856,1857,1.0,58905,4392,0.0018748333559386694,100,100,1000,9.519459319594317,,
18,8,1858,1859,1.0,58905,4408,0.0018811805788145662,100,100,1000,9.509135415891437,,
18,9,1860,1861,1.0,58905,4403,0.0018798847122537825,100,100,1000,9.476065915628272,,
18,10,1862,1863,1.0,58905,4392,0.0018705736591740068,100,100,1000,9.529352780014102,,
18,11,1864,1865,1.0,58905,4391,0.0018813849593378735,100,100,1000,9.51028513272235,,
18,12,1866,1867,1.0,58905,4393,0.0018870199723623835,100,100,1000,9.475348020747735,,
18,13,1868,1869,1.0,58905,4414,0.0018754161138293476,100,100,1000,9.488782676220913,,
18,14,1870,1871,1.0,58905,4405,0.001863753314024563,100,100,1000,9.527438643696524,,
18,15,1872,1873,1.0,58905,4413,0.001875344839331975,100,100,1000,9.479141319232864,,
18,16,1874,1875,1.0,58905,4404,0.0018780616286137248,100,100,1000,9.507988743295634,,
18,17,1876,1877,1.0,58905,4389,0.001872626681840105,100,100,1000,9.577182674067645,,
18,18,1878,1879,1.0,58905,4403,0.001882389552945707,100,100,1000,9.519913213400446,,
18,19,1880,1881,1.0,58905,4403,0.0018818255804154455,100,100,1000,9.496009670036536,,
18,20,1882,1883,1.0,58905,4415,0.0018788788459016875,100,100,1000,9.456575419158833,,
18,21,1884,1885,1.0,58905,4400,0.0018704197226801153,100,100,1000,9.4939227348877,,
18,22,1886,1887,1.0,58905,4400,0.0018814734594477787,100,100,1000,9.49668882590743,,
18,23,1888,1889,1.0,58905,4402,0.0018756361309805296,100,100,1000,9.504575076150536,,
18,24,1890,1891,1.0,58905,4403,0.0018881620674372297,100,100,1000,9.520597590710047,,
18,25,1892,1893,1.0,58905,4399,0.0018724612646220274,100,100,1000,9.505435157913263,,
18,26,1894,1895,1.0,58905,4398,0.0018745620589496624,100,100,1000,9.515314755422706,,
18,27,1896,1897,1.0,58905,4385,0.0018794520557363081,100,100,1000,9.5598173587781,,
18,28,1898,1899,1.0,58905,4406,0.001878094041272781,100,100,1000,9.463293073168643,,
18,29,1900,1901,1.0,58905,4407,0.0018660860171627145,100,100,1000,9.5255432233953,,
18,30,1902,1903,1.0,58905,4416,0.0018765650083582622,100,100,1000,9.505770719986453,,
18,31,1904,1905,1.0,58905,4404,0.0018806045793779483,100,100,1000,9.51042399444486,,
18,32,1906,1907,1.0,58905,4389,0.0018790967081023075,100,100,1000,9.529392670180375,,
18,33,1908,1909,1.0,58905,4392,0.001880443627462301,100,100,1000,9.527518654151256,,
18,34,1910,1911,1.0,58905,4391,0.0018788372400165418,100,100,1000,9.50463919640943,,
18,35,1912,1913,1.0,58905,4393,0.001885268313353241,100,100,1000,9.533251344395696,,
18,36,1914,1915,1.0,58905,4418,0.001881704151436844,100,100,1000,9.435444772009694,,
18,37,1916,1917,1.0,58905,4395,0.0018687953985676653,100,100,1000,9.522845665554426,,
18,38,1918,1919,1.0,58905,4408,0.0018668364937428072,100,100,1000,9.527956637910226,,
18,39,1920,1921,1.0,58905,4404,0.001871986312729706,100,100,1000,9.537020965591058,,
18,40,1922,1923,1.0,58905,4422,0.001881944882340384,100,100,1000,9.466358537751685,,
18,41,1924,1925,1.0,58905,4398,0.001887238297664084,100,100,1000,9.506119331806623,,
18,42,1926,1927,1.0,58905,4383,0.0018716990018553066,100,100,1000,9.548728616853866,,
18,43,1928,1929,1.0,58905,4403,0.0018790102517395877,100,100,1000,9.51109187080667,,
18,44,1930,1931,1.0,58905,4406,0.0018728954384295295,100,100,1000,9.48359333180436,,
18,45,1932,1933,1.0,58905,4405,0.0018806489029556674,100,100,1000,9.513075417565574,,
18,46,1934,1935,1.0,58905,4397,0.0018738778919394348,100,100,1000,9.494614435627028,,
18,47,1936,1937,1.0,58905,4418,0.0018786018490412413,100,100,1000,9.476868564955026,,
18,48,1938,1939,1.0,58905,4398,0.0018789282172499754,100,100,1000,9.521583191791056,,
18,49,1940,1941,1.0,58905,4403,0.0018798768422331569,100,100,1000,9.458320276617899,,
19,0,1942,1943,1.0,73815,5150,0.001625028425944611,100,100,1000,10.197922809379051,,
19,1,1944,1945,1.0,73815,5168,0.001625193016303483,100,100,1000,10.163065509876043,,
19,2,1946,1947,1.0,73815,5159,0.0016216967148625242,100,100,1000,10.188078334325077,,
19,3,1948,1949,1.0,73815,5179,0.0016231382502844456,100,100,1000,10.11110453139191,,
19,4,1950,1951,1.0,73815,5179,0.0016211181832404909,100,100,1000,10.15625921171561,,
19,5,1952,1953,1.0,73815,5176,0.0016173859353954137,100,100,1000,10.125927023605803,,
19,6,1954,1955,1.0,73815,5185,0.0016226914541840895,100,100,1000,10.087010195841831,,
19,7,1956,1957,1.0,73815,5168,0.0016294395306881055,100,100,1000,10.154726822620892,,
19,8,1958,1959,1.0,73815,5185,0.0016348057441849886,100,100,1000,10.12746690482428,,
19,9,1960,1961,1.0,73815,5189,0.001622012919437924,100,100,1000,10.116942491246178,,
19,10,1962,1963,1.0,73815,5174,0.0016280071802971651,100,100,1000,10.141498829116673,,
19,11,1964,1965,1.0,73815,5166,0.0016215981140638755,100,100,1000,10.1987680557808,,
19,12,1966,1967,1.0,73815,5183,0.0016309135916983482,100,100,1000,10.129467240408431,,
19,13,1968,1969,1.0,73815,5191,0.0016317028616929963,100,100,1000,10.100235237032773,,
19,14,1970,1971,1.0,73815,5196,0.0016195533169462717,100,100,1000,10.100625127184763,,
19,15,1972,1973,1.0,73815,5182,0.00162029411938696,100,100,1000,10.155273327837193,,
19,16,1974,1975,1.0,73815,5175,0.0016151421999479137,100,100,1000,10.156804639716224,,
19,17,1976,1977,1.0,73815,5166,0.0016243853323457673,100,100,1000,10.192016703345509,,
19,18,1978,1979,1.0,73815,5193,0.0016206817511893396,100,100,1000,10.13261538615425,,
19,19,1980,1981,1.0,73815,5192,0.001625966406290442,100,100,1000,10.112936526384168,,
19,20,1982,1983,1.0,73815,5191,0.001618974992308512,100,100,1000,10.088296789828958,,
19,21,1984,1985,1.0,73815,5167,0.0016278155986209474,100,100,1000,10.168008033057378,,
19,22,1986,1987,1.0,73815,5182,0.0016210827445946644,100,100,1000,10.145834483077506,,
19,23,1988,1989,1.0,73815,5189,0.001628483109070031,100,100,1000,10.086073180610239,,
19,24,1990,1991,1.0,73815,5154,0.0016346835123318328,100,100,1000,10.179725126565472,,
19,25,1992,1993,1.0,73815,5199,0.0016104861118635342,100,100,1000,10.09055743244644,,
19,26,1994,1995,1.0,73815,5199,0.0016235332367763526,100,100,1000,10.089048308378391,,
19,27,1996,1997,1.0,73815,5196,0.0016236497757799687,100,100,1000,10.104977759645045,,
19,28,1998,1999,1.0,73815,5170,0.0016258563701595646,100,100,1000,10.177150247550827,,
19,29,2000,2001,1.0,73815,5188,0.001614809916287814,100,100,1000,10.12581163778925,,
19,30,2002,2003,1.0,73815,5169,0.0016200019727097667,100,100,1000,10.155488931801719,,
19,31,2004,2005,1.0,73815,5174,0.001621099708728814,100,100,1000,10.16482208208538,,
19,32,2006,2007,1.0,73815,5190,0.0016197228639029785,100,100,1000,10.09648374881394,,
19,33,2008,2009,1.0,73815,5200,0.0016247426936545448,100,100,1000,10.100481923628147,,
19,34,2010,2011,1.0,73815,5201,0.0016262073687330774,100,100,1000,10.106077633401371,,
19,35,2012,2013,1.0,73815,5192,0.0016163166322875552,100,100,1000,10.144347530577525,,
19,36,2014,2015,1.0,73815,5184,0.0016308174564960433,100,100,1000,10.12464475402231,,
19,37,2016,2017,1.0,73815,5179,0.0016246062099457112,100,100,1000,10.1352536327003,,
19,38,2018,2019,1.0,73815,5211,0.001623140788746858,100,100,1000,10.062709594632224,,
19,39,2020,2021,1.0,73815,5186,0.001620507996805858,100,100,1000,10.101414207170736,,
19,40,2022,2023,1.0,73815,5161,0.001622035381740082,100,100,1000,10.16758352832731,,
19,41,2024,2025,1.0,73815,5167,0.0016326788844483282,100,100,1000,10.159763546722228,,
19,42,2026,2027,1.0,73815,5151,0.0016241397674704085,100,100,1000,10.172748254580327,,
19,43,2028,2029,1.0,73815,5169,0.001622599658254255,100,100,1000,10.169578094122945,,
19,44,2030,2031,1.0,73815,5186,0.0016210714328334192,100,100,1000,10.125716347359097,,
19,45,2032,2033,1.0,73815,5182,0.0016218493698210812,100,100,1000,10.093271450059262,,
19,46,2034,2035,1.0,73815,5189,0.0016294115477347411,100,100,1000,10.132009470220098,,
19,47,2036,2037,1.0,73815,5187,0.0016256990313235913,100,100,1000,10.118526337193286,,
19,48,2038,2039,1.0,73815,5174,0.0016212252556451622,100,100,1000,10.147811486191632,,
19,49,2040,2041,1.0,73815,5203,0.0016262519445486086,100,100,1000,10.079893933276221,,
20,0,2042,2043,1.0,91390,5931,0.0014185751967869188,100,100,1000,10.93618873676993,,
20,1,2044,2045,1.0,91390,5947,0.001417795518598307,100,100,1000,10.936177781985185,,
20,2,2046,2047,1.0,91390,5916,0.001412693665247089,100,100,1000,11.003079744789373,,
20,3,2048,2049,1.0,91390,5930,0.0014149559019663712,100,100,1000,10.920116723116113,,
20,4,2050,2051,1.0,91390,5947,0.0014186324926408762,100,100,1000,10.91144177835619,,
20,5,2052,2053,1.0,91390,5929,0.0014120572631269198,100,100,1000,10.977957195184691,,
20,6,2054,2055,1.0,91390,5912,0.0014217765767034767,100,100,1000,10.974952251077589,,
20,7,2056,2057,1.0,91390,5934,0.0014133236716475362,100,100,1000,10.97005637049978,,
20,8,2058,2059,1.0,91390,5942,0.0014131465948136015,100,100,1000,10.918319383698114,,
20,9,2060,2061,1.0,91390,5942,0.0014158453723826896,100,100,1000,10.929162146015278,,
20,10,2062,2063,1.0,91390,5921,0.0014157487690330242,100,100,1000,10.966763387907408,,
20,11,2064,2065,1.0,91390,5913,0.0014133813088154671,100,100,1000,10.98655346594928,,
20,12,2066,2067,1.0,91390,5939,0.0014103203758396709,100,100,1000,10.97437990987795,,
20,13,2068,2069,1.0,91390,5949,0.001416559496705304,100,100,1000,10.938178195451645,,
20,14,2070,2071,1.0,91390,5902,0.001414549997838583,100,100,1000,10.99702325895077,,
20,15,2072,2073,1.0,91390,5972,0.001416528645575291,100,100,1000,10.872867663337708,,
20,16,2074,2075,1.0,91390,5948,0.001418374025417771,100,100,1000,10.92417279369605,,
20,17,2076,2077,1.0,91390,5922,0.0014111632841071829,100,100,1000,10.960678661557141,,
20,18,2078,2079,1.0,91390,5912,0.0014181301254764511,100,100,1000,10.987558066695449,,
20,19,2080,2081,1.0,91390,5914,0.001418802373975578,100,100,1000,10.967454292939538,,
20,20,2082,2083,1.0,91390,5953,0.0014142444192243426,100,100,1000,10.876981129649126,,
20,21,2084,2085,1.0,91390,5934,0.0014202374767612123,100,100,1000,10.936215273381315,,
20,22,2086,2087,1.0,91390,5967,0.0014132884276047853,100,100,1000,10.92282969107771,,
20,23,2088,2089,1.0,91390,5925,0.0014152847799802201,100,100,1000,10.957517381465346,,
20,24,2090,2091,1.0,91390,5931,0.0014197067396267025,100,100,1000,10.91746801314161,,
20,25,2092,2093,1.0,91390,5927,0.0014164768633436377,100,100,1000,10.971119046006491,,
20,26,2094,2095,1.0,91390,5944,0.0014124633657161384,100,100,1000,10.919582967532087,,
20,27,2096,2097,1.0,91390,5944,0.0014183561960638476,100,100,1000,10.917238436883816,,
20,28,2098,2099,1.0,91390,5934,0.0014154608792813143,100,100,1000,10.921243587150103,,
20,29,2100,2101,1.0,91390,5917,0.001419376781336647,100,100,1000,10.952888490706052,,
20,30,2102,2103,1.0,91390,5949,0.0014166267207587923,100,100,1000,10.901037855131392,,
20,31,2104,2105,1.0,91390,5915,0.0014167127531262355,100,100,1000,10.962449638525335,,
20,32,2106,2107,1.0,91390,5938,0.0014162080249250832,100,100,1000,10.935681189410447,,
20,33,2108,2109,1.0,91390,5907,0.0014126874805984744,100,100,1000,11.020265918002915,,
20,34,2110,2111,1.0,91390,5928,0.0014164645350002796,100,100,1000,10.957849291592984,,
20,35,2112,2113,1.0,91390,5929,0.0014155589620805705,100,100,1000,10.976948699347018,,
20,36,2114,2115,1.0,91390,5953,0.0014086014385514263,100,100,1000,10.927451202578869,,
20,37,2116,2117,1.0,91390,5950,0.0014126543160253168,100,100,1000,10.9028307791413,,
20,38,2118,2119,1.0,91390,5900,0.001417254391852945,100,100,1000,11.044026280772485,,
20,39,2120,2121,1.0,91390,5898,0.0014158028902325794,100,100,1000,11.011141473146235,,
20,40,2122,2123,1.0,91390,5943,0.001415465163912507,100,100,1000,10.91476635402382,,
20,41,2124,2125,1.0,91390,5951,0.001422116439654309,100,100,1000,10.907509185805763,,
20,42,2126,2127,1.0,91390,5903,0.001414471320530992,100,100,1000,11.02175382183782,,
20,43,2128,2129,1.0,91390,5906,0.0014159587541756982,100,100,1000,10.962656766872286,,
20,44,2130,2131,1.0,91390,5932,0.0014142235840243027,100,100,1000,10.926304989816314,,
20,45,2132,2133,1.0,91390,5912,0.0014120864366029685,100,100,1000,10.99273171398073,,
20,46,2134,2135,1.0,91390,5908,0.0014189584846510351,100,100,1000,10.967272987167263,,
20,47,2136,2137,1.0,91390,5908,0.0014219271868887052,100,100,1000,10.962057978503626,,
20,48,2138,2139,1.0,91390,5917,0.0014165677659126335,100,100,1000,10.972198700523709,,
20,49,2140,2141,1.0,91390,5916,0.0014189370407429258,100,100,1000,10.943886269090171,,
21,0,2142,2143,1.0,111930,6762,0.0012513999181827408,100,100,1000,11.727253825680794,,
21,1,2144,2145,1.0,111930,6763,0.0012500889270112647,100,100,1000,11.736124700984163,,
21,2,2146,2147,1.0,111930,6771,0.0012418028278364298,100,100,1000,11.726515250384697,,
21,3,2148,2149,1.0,111930,6764,0.0012458137235768923,100,100,1000,11.698417780665032,,
21,4,2150,2151,1.0,111930,6768,0.0012453984040648532,100,100,1000,11.685170813454901,,
21,5,2152,2153,1.0,111930,6761,0.0012399544036264542,100,100,1000,11.729352486209274,,
21,6,2154,2155,1.0,111930,6766,0.0012413935363230107,100,100,1000,11.731521938425349,,
21,7,2156,2157,1.0,111930,6765,0.0012438651563602132,100,100,1000,11.696878554715092,,
21,8,2158,2159,1.0,111930,6764,0.0012420936102025412,100,100,1000,11.708473565761912,,
21,9,2160,2161,1.0,111930,6770,0.0012420806182397246,100,100,1000,11.710559086224652,,
21,10,2162,2163,1.0,111930,6772,0.0012380182698952756,100,100,1000,11.72609860152644,,
21,11,2164,2165,1.0,111930,6763,0.0012388828346044081,100,100,1000,11.699974036954199,,
21,12,2166,2167,1.0,111930,6764,0.001243651084648225,100,100,1000,11.741969149016908,,
21,13,2168,2169,1.0,111930,6760,0.0012442228510041093,100,100,1000,11.737353326030185,,
21,14,2170,2171,1.0,111930,6762,0.0012423626811222913,100,100,1000,11.740956322085445,,
21,15,2172,2173,1.0,111930,6767,0.00124615868542548,100,100,1000,11.746671041218042,,
21,16,2174,2175,1.0,111930,6758,0.0012463046579346728,100,100,1000,11.738769662050407,,
21,17,2176,2177,1.0,111930,6766,0.0012452269283475114,100,100,1000,11.70265140975206,,
21,18,2178,2179,1.0,111930,6768,0.0012418057230014616,100,100,1000,11.719829728871124,,
21,19,2180,2181,1.0,111930,6770,0.0012466959082081176,100,100,1000,11.719138984461523,,
21,20,2182,2183,1.0,111930,6763,0.001246820447801142,100,100,1000,11.684191613532047,,
21,21,2184,2185,1.0,111930,6768,0.0012473264277242083,100,100,1000,11.697966301242744,,
21,22,2186,2187,1.0,111930,6761,0.0012436615127561887,100,100,1000,11.737670925541913,,
21,23,2188,2189,1.0,111930,6766,0.001242595178270687,100,100,1000,11.733320117069553,,
21,24,2190,2191,1.0,111930,6764,0.0012445047257475873,100,100,1000,11.730675418828959,,
21,25,2192,2193,1.0,111930,6762,0.0012485600861709264,100,100,1000,11.730290953535517,,
21,26,2194,2195,1.0,111930,6765,0.001242089930544659,100,100,1000,11.715702217801416,,
21,27,2196,2197,1.0,111930,6762,0.0012444586318517117,100,100,1000,11.716509576609944,,
21,28,2198,2199,1.0,111930,6769,0.0012491218757437234,100,100,1000,11.712030353924256,,
21,29,2200,2201,1.0,111930,6770,0.0012433558248559386,100,100,1000,11.704392936685355,,
21,30,2202,2203,1.0,111930,6766,0.0012421362780061142,100,100,1000,11.742249609678895,,
21,31,2204,2205,1.0,111930,6759,0.0012432875308072174,100,100,1000,11.715910298044557,,
21,32,2206,2207,1.0,111930,6774,0.0012431640449159264,100,100,1000,11.70257207980092,,
21,33,2208,2209,1.0,111930,6768,0.0012428127490068585,100,100,1000,11.738864773602616,,
21,34,2210,2211,1.0,111930,6770,0.0012421035188206254,100,100,1000,11.726446370361204,,
21,35,2212,2213,1.0,111930,6770,0.001239314519187417,100,100,1000,11.735863073582728,,
21,36,2214,2215,1.0,111930,6761,0.001243216227052808,100,100,1000,11.7089486192457,,
21,37,2216,2217,1.0,111930,6761,0.001246055301680376,100,100,1000,11.73165210908924,,
21,38,2218,2219,1.0,111930,6766,0.0012453068476684548,100,100,1000,11.705596442311528,,
21,39,2220,2221,1.0,111930,6770,0.0012419275199678302,100,100,1000,11.720032652627285,,
21,40,2222,2223,1.0,111930,6767,0.001244089105355578,100,100,1000,11.712708887103684,,
21,41,2224,2225,1.0,111930,6772,0.0012398550600115927,100,100,1000,11.718326509729339,,
21,42,2226,2227,1.0,111930,6765,0.001246470913506933,100,100,1000,11.71923316541811,,
21,43,2228,2229,1.0,111930,6779,0.0012428603853451073,100,100,1000,11.714389551328694,,
21,44,2230,2231,1.0,111930,6769,0.001247014389925029,100,100,1000,11.723636425510135,,
21,45,2232,2233,1.0,111930,6770,0.0012404342819999834,100,100,1000,11.713121872874204,,
21,46,2234,2235,1.0,111930,6759,0.0012454428329320864,100,100,1000,11.72443808742676,,
21,47,2236,2237,1.0,111930,6769,0.001246343853776531,100,100,1000,11.696530445304264,,
21,48,2238,2239,1.0,111930,6763,0.0012412678502047953,100,100,1000,11.713672655961842,,
21,49,2240,2241,1.0,111930,6771,0.0012452098084568786,100,100,1000,11.700162180788723,,
22,0,2242,2243,1.0,135751,8021,0.001097081711689816,100,100,1000,12.02860625956563,,
22,1,2244,2245,1.0,135751,8029,0.001099708434194371,100,100,1000,11.974347657550037,,
22,2,2246,2247,1.0,135751,8030,0.0011044776706285683,100,100,1000,11.989292574025207,,
22,3,2248,2249,1.0,135751,8024,0.0010997571301875034,100,100,1000,12.018785450722234,,
22,4,2250,2251,1.0,135751,8024,0.0010973854924312425,100,100,1000,12.011541495535496,,
22,5,2252,2253,1.0,135751,8027,0.0010977975518161353,100,100,1000,12.001852783715506,,
22,6,2254,2255,1.0,135751,8015,0.0011019596457924393,100,100,1000,12.011797732915285,,
22,7,2256,2257,1.0,135751,8030,0.001095807266420778,100,100,1000,11.984155875355599,,
22,8,2258,2259,1.0,135751,8020,0.001100402351008849,100,100,1000,11.99136242268173,,
22,9,2260,2261,1.0,135751,8024,0.0011016486995657096,100,100,1000,11.984713166299139,,
22,10,2262,2263,1.0,135751,8010,0.0010992687465865394,100,100,1000,12.023272068202832,,
22,11,2264,2265,1.0,135751,8017,0.0010985468646690984,100,100,1000,12.014337963837253,,
22,12,2266,2267,1.0,135751,8040,0.0010963352196556723,100,100,1000,11.965451140285913,,
22,13,2268,2269,1.0,135751,8006,0.001099516392740888,100,100,1000,12.00107642276645,,
22,14,2270,2271,1.0,135751,8013,0.0010997271385720644,100,100,1000,12.000569264309721,,
22,15,2272,2273,1.0,135751,8013,0.0010999810851768984,100,100,1000,12.031641877879688,,
22,16,2274,2275,1.0,135751,8021,0.0010996346386582436,100,100,1000,12.00982761866974,,
22,17,2276,2277,1.0,135751,8017,0.0011036774125004912,100,100,1000,12.008770091703608,,
22,18,2278,2279,1.0,135751,8030,0.0010960322445685516,100,100,1000,11.996051719868431,,
22,19,2280,2281,1.0,135751,8029,0.0010979732494629032,100,100,1000,11.996032008314835,,
22,20,2282,2283,1.0,135751,8033,0.0010994287412608996,100,100,1000,11.98467785766896,,
22,21,2284,2285,1.0,135751,8018,0.001102402867509255,100,100,1000,12.009214860900885,,
22,22,2286,2287,1.0,135751,8021,0.0010957358045986284,100,100,1000,11.985488214256534,,
22,23,2288,2289,1.0,135751,8013,0.0011043877243917728,100,100,1000,11.994255044497532,,
22,24,2290,2291,1.0,135751,8016,0.0011024307478068427,100,100,1000,11.98817211847027,,
22,25,2292,2293,1.0,135751,8019,0.001100162687403736,100,100,1000,11.980460410207968,,
22,26,2294,2295,1.0,135751,8025,0.0011002386774620204,100,100,1000,12.00709386653355,,
22,27,2296,2297,1.0,135751,8017,0.001100551452178165,100,100,1000,11.983490457752358,,
22,28,2298,2299,1.0,135751,8014,0.0010979857577256725,100,100,1000,12.002892098132422,,
22,29,2300,2301,1.0,135751,8036,0.0011002809784297115,100,100,1000,12.006066859025477,,
22,30,2302,2303,1.0,135751,8018,0.0011021957017168195,100,100,1000,12.012713080738404,,
22,31,2304,2305,1.0,135751,8022,0.0010995285169813872,100,100,1000,12.005940518799449,,
22,32,2306,2307,1.0,135751,8019,0.0011035898225651946,100,100,1000,12.019239418913871,,
22,33,2308,2309,1.0,135751,8028,0.00109918890291245,100,100,1000,12.015460915661977,,
22,34,2310,2311,1.0,135751,8030,0.00109857021800219,100,100,1000,11.99186069706885,,
22,35,2312,2313,1.0,135751,8016,0.0011003321803460199,100,100,1000,12.019492428997626,,
22,36,2314,2315,1.0,135751,8022,0.001098940759295332,100,100,1000,11.995390532441409,,
22,37,2316,2317,1.0,135751,8015,0.0010982297415108977,100,100,1000,12.049697952898464,,
22,38,2318,2319,1.0,135751,8024,0.0010964492057588197,100,100,1000,12.001163013309498,,
22,39,2320,2321,1.0,135751,8016,0.0010983713839431304,100,100,1000,12.016330495151347,,
22,40,2322,2323,1.0,135751,8012,0.0010991125840573808,100,100,1000,12.024287665438058,,
22,41,2324,2325,1.0,135751,8031,0.0011008951715232842,100,100,1000,11.977745313915493,,
22,42,2326,2327,1.0,135751,8023,0.0011010865326936397,100,100,1000,12.015606527816788,,
22,43,2328,2329,1.0,135751,8020,0.001101085750718831,100,100,1000,12.019979296221486,,
22,44,2330,2331,1.0,135751,8014,0.0010981730745462305,100,100,1000,12.025127536631004,,
22,45,2332,2333,1.0,135751,8020,0.0010956108000798501,100,100,1000,12.020494096470838,,
22,46,2334,2335,1.0,135751,8017,0.0010981598769608555,100,100,1000,12.001590082843455,,
22,47,2336,2337,1.0,135751,8027,0.001102436396276427,100,100,1000,11.995644835352257,,
22,48,2338,2339,1.0,135751,8018,0.0010995213202118661,100,100,1000,11.995327526343981,,
22,49,2340,2341,1.0,135751,8019,0.0010983582437593669,100,100,1000,12.039571710695334,,
23,0,2342,2343,1.0,163185,9368,0.0009794237372440515,100,100,1000,12.34621901053028,,
23,1,2344,2345,1.0,163185,9333,0.0009788649061849676,100,100,1000,12.410165745867154,,
23,2,2346,2347,1.0,163185,9344,0.0009787166700335288,100,100,1000,12.406078235625394,,
23,3,2348,2349,1.0,163185,9342,0.0009765006528465903,100,100,1000,12.395816823565015,,
23,4,2350,2351,1.0,163185,9358,0.0009790053714677379,100,100,1000,12.368470315051962,,
23,5,2352,2353,1.0,163185,9348,0.0009792699337268047,100,100,1000,12.402166410429649,,
23,6,2354,2355,1.0,163185,9318,0.0009766317131942104,100,100,1000,12.448691213519684,,
23,7,2356,2357,1.0,163185,9347,0.0009791616307728054,100,100,1000,12.376324093911627,,
23,8,2358,2359,1.0,163185,9358,0.0009792582631850183,100,100,1000,12.369019081170624,,
23,9,2360,2361,1.0,163185,9342,0.0009781642025453836,100,100,1000,12.391286150385348,,
23,10,2362,2363,1.0,163185,9337,0.0009801559069865053,100,100,1000,12.384084250543768,,
23,11,2364,2365,1.0,163185,9363,0.0009748926950514953,100,100,1000,12.379101702812829,,
23,12,2366,2367,1.0,163185,9351,0.0009806975495804285,100,100,1000,12.390697609780798,,
23,13,2368,2369,1.0,163185,9334,0.0009786996925134764,100,100,1000,12.384288287180874,,
23,14,2370,2371,1.0,163185,9346,0.0009772906079100591,100,100,1000,12.39795404046412,,
23,15,2372,2373,1.0,163185,9337,0.000977294130989321,100,100,1000,12.388102795391863,,
23,16,2374,2375,1.0,163185,9354,0.0009781617774484903,100,100,1000,12.395261992514543,,
23,17,2376,2377,1.0,163185,9341,0.0009777788300526472,100,100,1000,12.42820428711523,,
23,18,2378,2379,1.0,163185,9346,0.0009775839930104787,100,100,1000,12.38082418880098,,
23,19,2380,2381,1.0,163185,9367,0.0009767142423901256,100,100,1000,12.396879602506006,,
23,20,2382,2383,1.0,163185,9359,0.000979051169632096,100,100,1000,12.385017859334205,,
23,21,2384,2385,1.0,163185,9340,0.0009776651415006855,100,100,1000,12.394872947732162,,
23,22,2386,2387,1.0,163185,9363,0.0009772891977105744,100,100,1000,12.39086035411249,,
23,23,2388,2389,1.0,163185,9349,0.0009773627693721119,100,100,1000,12.386447675171581,,
23,24,2390,2391,1.0,163185,9317,0.0009754920242216938,100,100,1000,12.431169891311503,,
23,25,2392,2393,1.0,163185,9352,0.0009800884480907343,100,100,1000,12.400908287359725,,
23,26,2394,2395,1.0,163185,9350,0.0009795982976746917,100,100,1000,12.392948063099116,,
23,27,2396,2397,1.0,163185,9354,0.0009750388771946951,100,100,1000,12.392720237729923,,
23,28,2398,2399,1.0,163185,9346,0.0009805583447805649,100,100,1000,12.38225081513031,,
23,29,2400,2401,1.0,163185,9349,0.0009762294414221441,100,100,1000,12.397618366182572,,
23,30,2402,2403,1.0,163185,9351,0.0009758911156552193,100,100,1000,12.417124349573182,,
23,31,2404,2405,1.0,163185,9338,0.000978897477325081,100,100,1000,12.424393805175326,,
23,32,2406,2407,1.0,163185,9366,0.000978184343269423,100,100,1000,12.365978569305037,,
23,33,2408,2409,1.0,163185,9352,0.0009810854411214502,100,100,1000,12.378940024994211,,
23,34,2410,2411,1.0,163185,9347,0.0009808433499638798,100,100,1000,12.386818540173516,,
23,35,2412,2413,1.0,163185,9350,0.0009781027646095332,100,100,1000,12.391113914722995,,
23,36,2414,2415,1.0,163185,9335,0.0009754352520844287,100,100,1000,12.418301817609697,,
23,37,2416,2417,1.0,163185,9342,0.000977821662788642,100,100,1000,12.39879748238428,,
23,38,2418,2419,1.0,163185,9344,0.0009805022942909576,100,100,1000,12.403791957150041,,
23,39,2420,2421,1.0,163185,9364,0.0009787248873883083,100,100,1000,12.387144562316466,,
23,40,2422,2423,1.0,163185,9346,0.000977907261023378,100,100,1000,12.395975366919869,,
23,41,2424,2425,1.0,163185,9347,0.0009742223725980449,100,100,1000,12.398881009449207,,
23,42,2426,2427,1.0,163185,9344,0.0009811068430391604,100,100,1000,12.40415765685115,,
23,43,2428,2429,1.0,163185,9344,0.0009791809881512775,100,100,1000,12.406704147310565,,
23,44,2430,2431,1.0,163185,9329,0.0009771972951200534,100,100,1000,12.420226162065342,,
23,45,2432,2433,1.0,163185,9325,0.0009787522992775184,100,100,1000,12.423054252571559,,
23,46,2434,2435,1.0,163185,9344,0.0009791458636189217,100,100,1000,12.412820768970578,,
23,47,2436,2437,1.0,163185,9352,0.0009792694294684687,100,100,1000,12.407883933020818,,
23,48,2438,2439,1.0,163185,9323,0.0009745549311278029,100,100,1000,12.437983507121055,,
23,49,2440,2441,1.0,163185,9357,0.000977625303378989,100,100,1000,12.36355921164148,,
24,0,2442,2443,1.0,194580,10693,0.0008743307067451977,100,100,1000,12.939325273566046,,
24,1,2444,2445,1.0,194580,10685,0.0008743999966256025,100,100,1000,12.9506357497835,,
24,2,2446,2447,1.0,194580,10708,0.0008762652784625592,100,100,1000,12.907168647605559,,
24,3,2448,2449,1.0,194580,10699,0.0008751891438265837,100,100,1000,12.911149096615839,,
24,4,2450,2451,1.0,194580,10660,0.0008773639909164883,100,100,1000,12.975610443210266,,
24,5,2452,2453,1.0,194580,10685,0.00087297932355841,100,100,1000,12.930289551173713,,
24,6,2454,2455,1.0,194580,10695,0.0008724348287746515,100,100,1000,12.94229944046632,,
24,7,2456,2457,1.0,194580,10716,0.0008775274715946794,100,100,1000,12.893591177787375,,
24,8,2458,2459,1.0,194580,10654,0.0008717526748133281,100,100,1000,12.985747947384553,,
24,9,2460,2461,1.0,194580,10683,0.0008764124168980827,100,100,1000,12.929531390398557,,
24,10,2462,2463,1.0,194580,10677,0.0008734752965483879,100,100,1000,12.961998247259226,,
24,11,2464,2465,1.0,194580,10690,0.0008766520927929732,100,100,1000,12.932852397319955,,
24,12,2466,2467,1.0,194580,10673,0.0008734467812265556,100,100,1000,12.971493147818208,,
24,13,2468,2469,1.0,194580,10706,0.0008756128316032292,100,100,1000,12.916278356739658,,
24,14,2470,2471,1.0,194580,10690,0.0008746359315918326,100,100,1000,12.939316643386768,,
24,15,2472,2473,1.0,194580,10661,0.0008749449491742958,100,100,1000,12.957364589803646,,
24,16,2474,2475,1.0,194580,10691,0.0008744846771688479,100,100,1000,12.946954500951405,,
24,17,2476,2477,1.0,194580,10685,0.0008765657814639777,100,100,1000,12.943686151532832,,
24,18,2478,2479,1.0,194580,10676,0.0008753205492212919,100,100,1000,12.970862028071513,,
24,19,2480,2481,1.0,194580,10702,0.0008738517394268069,100,100,1000,12.90597677330452,,
24,20,2482,2483,1.0,194580,10683,0.0008771435020538584,100,100,1000,12.911391070960015,,
24,21,2484,2485,1.0,194580,10676,0.0008724995212093901,100,100,1000,12.943679491130991,,
24,22,2486,2487,1.0,194580,10706,0.0008751237360157854,100,100,1000,12.905439764540313,,
24,23,2488,2489,1.0,194580,10711,0.0008733547610533707,100,100,1000,12.937429936490535,,
24,24,2490,2491,1.0,194580,10684,0.0008738899625462506,100,100,1000,12.944121351250283,,
24,25,2492,2493,1.0,194580,10695,0.0008737474474150983,100,100,1000,12.890444288650867,,
24,26,2494,2495,1.0,194580,10697,0.0008740738122089067,100,100,1000,12.926830414748824,,
24,27,2496,2497,1.0,194580,10713,0.0008713070570370022,100,100,1000,12.930373855072922,,
24,28,2498,2499,1.0,194580,10686,0.0008743669197200587,100,100,1000,12.95661321807831,,
24,29,2500,2501,1.0,194580,10665,0.0008753086586315755,100,100,1000,12.973857727872641,,
24,30,2502,2503,1.0,194580,10670,0.0008777199593051952,100,100,1000,12.937809650001672,,
24,31,2504,2505,1.0,194580,10681,0.0008748227627694839,100,100,1000,12.95131061189738,,
24,32,2506,2507,1.0,194580,10691,0.0008743811233838057,100,100,1000,12.93581745236087,,
24,33,2508,2509,1.0,194580,10671,0.0008758596357402144,100,100,1000,12.980325242967824,,
24,34,2510,2511,1.0,194580,10706,0.0008762352475937809,100,100,1000,12.940627328527336,,
24,35,2512,2513,1.0,194580,10682,0.000874938277360169,100,100,1000,12.94577237856422,,
24,36,2514,2515,1.0,194580,10664,0.0008749668752004684,100,100,1000,12.962930020818096,,
24,37,2516,2517,1.0,194580,10682,0.0008755578170555225,100,100,1000,12.929076538426807,,
24,38,2518,2519,1.0,194580,10694,0.0008718402301163175,100,100,1000,12.929692560226455,,
24,39,2520,2521,1.0,194580,10664,0.0008730912153681977,100,100,1000,12.945908272894838,,
24,40,2522,2523,1.0,194580,10666,0.0008741495386584596,100,100,1000,12.948824094208334,,
24,41,2524,2525,1.0,194580,10699,0.0008757122865095036,100,100,1000,12.90657229756979,,
24,42,2526,2527,1.0,194580,10679,0.0008718596135340704,100,100,1000,12.978059821833709,,
24,43,2528,2529,1.0,194580,10695,0.0008775613574981847,100,100,1000,12.91927284864515,,
24,44,2530,2531,1.0,194580,10684,0.0008767775490352978,100,100,1000,12.935226092022141,,
24,45,2532,2533,1.0,194580,10704,0.0008757047218869683,100,100,1000,12.920775679257572,,
24,46,2534,2535,1.0,194580,10690,0.0008748514285687465,100,100,1000,12.955029010961992,,
24,47,2536,2537,1.0,194580,10711,0.0008762089957198996,100,100,1000,12.885508255662796,,
24,48,2538,2539,1.0,194580,10679,0.0008743624474414948,100,100,1000,12.954576957204132,,
24,49,2540,2541,1.0,194580,10675,0.0008728299678601221,100,100,1000,12.939790477927811,,
25,0,2542,2543,1.0,230300,11988,0.000787776273128826,100,100,1000,13.632268211191763,,
25,1,2544,2545,1.0,230300,11995,0.0007849916736745419,100,100,1000,13.625024246470941,,
25,2,2546,2547,1.0,230300,11985,0.0007875678761288735,100,100,1000,13.653355294506236,,
25,3,2548,2549,1.0,230300,12019,0.0007867058319539448,100,100,1000,13.609475880311942,,
25,4,2550,2551,1.0,230300,12003,0.0007866619554823241,100,100,1000,13.648805290331067,,
25,5,2552,2553,1.0,230300,11960,0.0007866551726011213,100,100,1000,13.663454892381925,,
25,6,2554,2555,1.0,230300,12008,0.00078583176049502,100,100,1000,13.63366245202112,,
25,7,2556,2557,1.0,230300,12006,0.0007851657883041748,100,100,1000,13.637339731595247,,
25,8,2558,2559,1.0,230300,11998,0.0007867891369935812,100,100,1000,13.63257873213808,,
25,9,2560,2561,1.0,230300,12003,0.0007862154364345511,100,100,1000,13.63882445739134,,
25,10,2562,2563,1.0,230300,11977,0.0007831456301332955,100,100,1000,13.692537177539018,,
25,11,2564,2565,1.0,230300,11984,0.0007849815314914234,100,100,1000,13.677433444522327,,
25,12,2566,2567,1.0,230300,11997,0.000786055667660975,100,100,1000,13.629087280585969,,
25,13,2568,2569,1.0,230300,11984,0.0007849886620795709,100,100,1000,13.650813929494253,,
25,14,2570,2571,1.0,230300,11982,0.0007849139873142191,100,100,1000,13.675837500672285,,
25,15,2572,2573,1.0,230300,12010,0.0007844781118957385,100,100,1000,13.6148472344432,,
25,16,2574,2575,1.0,230300,12012,0.0007842397394109658,100,100,1000,13.623444531547678,,
25,17,2576,2577,1.0,230300,11992,0.0007861677776825561,100,100,1000,13.6487139901265,,
25,18,2578,2579,1.0,230300,11968,0.0007858757187648918,100,100,1000,13.669517223610747,,
25,19,2580,2581,1.0,230300,11970,0.0007840118154347005,100,100,1000,13.670697470003285,,
25,20,2582,2583,1.0,230300,11999,0.0007872022151323047,100,100,1000,13.657032628459563,,
25,21,2584,2585,1.0,230300,11993,0.0007833637692200344,100,100,1000,13.672528177530571,,
25,22,2586,2587,1.0,230300,11982,0.0007857338395545335,100,100,1000,13.670393678910884,,
25,23,2588,2589,1.0,230300,12026,0.0007850889925370346,100,100,1000,13.639532911259185,,
25,24,2590,2591,1.0,230300,12000,0.0007848483014594579,100,100,1000,13.657218863920376,,
25,25,2592,2593,1.0,230300,11986,0.0007843832919994536,100,100,1000,13.644307236791663,,
25,26,2594,2595,1.0,230300,11978,0.0007853102147427387,100,100,1000,13.680383830978618,,
25,27,2596,2597,1.0,230300,12008,0.000787896348022046,100,100,1000,13.63062143312282,,
25,28,2598,2599,1.0,230300,11966,0.0007845841552689847,100,100,1000,13.677486572707737,,
25,29,2600,2601,1.0,230300,11966,0.0007855659470453063,100,100,1000,13.660790444861252,,
25,30,2602,2603,1.0,230300,12007,0.0007836458157113766,100,100,1000,13.616000982739427,,
25,31,2604,2605,1.0,230300,11960,0.0007848876781173844,100,100,1000,13.69032204662409,,
25,32,2606,2607,1.0,230300,12017,0.0007844529137129971,100,100,1000,13.628622019227612,,
25,33,2608,2609,1.0,230300,12013,0.0007845440814330871,100,100,1000,13.65007370735351,,
25,34,2610,2611,1.0,230300,12039,0.0007853209047704901,100,100,1000,13.555752802294286,,
25,35,2612,2613,1.0,230300,12008,0.000786858304465981,100,100,1000,13.619455902636389,,
25,36,2614,2615,1.0,230300,12004,0.0007850251313624016,100,100,1000,13.620635723417543,,
25,37,2616,2617,1.0,230300,11967,0.000783421253990395,100,100,1000,13.699216169037044,,
25,38,2618,2619,1.0,230300,11987,0.000785797886129467,100,100,1000,13.651544030453053,,
25,39,2620,2621,1.0,230300,11984,0.0007865256658931325,100,100,1000,13.667612009398706,,
25,40,2622,2623,1.0,230300,11994,0.0007844609202292407,100,100,1000,13.685750981218627,,
25,41,2624,2625,1.0,230300,12018,0.000785880016815092,100,100,1000,13.6171661313981,,
25,42,2626,2627,1.0,230300,11997,0.0007853438234259416,100,100,1000,13.641367590485256,,
25,43,2628,2629,1.0,230300,12015,0.0007854216931527986,100,100,1000,13.622519767124524,,
25,44,2630,2631,1.0,230300,11970,0.0007861666314446081,100,100,1000,13.683058157056983,,
25,45,2632,2633,1.0,230300,11978,0.0007863557358765817,100,100,1000,13.672077521885198,,
25,46,2634,2635,1.0,230300,11957,0.0007868471924496359,100,100,1000,13.70145092524953,,
25,47,2636,2637,1.0,230300,11993,0.0007839434965120887,100,100,1000,13.648457088087364,,
25,48,2638,2639,1.0,230300,11965,0.0007855348513992589,100,100,1000,13.690629947459572,,
25,49,2640,2641,1.0,230300,12005,0.000784181313955555,100,100,1000,13.660717856768867,,
26,0,2642,2643,1.0,270725,13193,0.0007083885026435708,100,100,1000,14.58614513970877,,
26,1,2644,2645,1.0,270725,13179,0.0007099661436336064,100,100,1000,14.562243083831422,,
26,2,2646,2647,1.0,270725,13207,0.0007098386813914464,100,100,1000,14.541741010574913,,
26,3,2648,2649,1.0,270725,13216,0.0007096278702143248,100,100,1000,14.561912326156103,,
26,4,2650,2651,1.0,270725,13216,0.0007074939141687717,100,100,1000,14.54462110150956,,
26,5,2652,2653,1.0,270725,13181,0.0007077964630970954,100,100,1000,14.541102366287634,,
26,6,2654,2655,1.0,270725,13186,0.0007088002267931657,100,100,1000,14.55250184105795,,
26,7,2656,2657,1.0,270725,13169,0.000708307507248877,100,100,1000,14.591609451394984,,
26,8,2658,2659,1.0,270725,13196,0.0007085312075814335,100,100,1000,14.553228290304908,,
26,9,2660,2661,1.0,270725,13195,0.0007098113575563025,100,100,1000,14.545736517458128,,
26,10,2662,2663,1.0,270725,13210,0.0007078354319359827,100,100,1000,14.556540972537611,,
26,11,2664,2665,1.0,270725,13211,0.0007081878073204035,100,100,1000,14.577494134075815,,
26,12,2666,2667,1.0,270725,13199,0.0007085126862770862,100,100,1000,14.558425112561043,,
26,13,2668,2669,1.0,270725,13209,0.0007085745982337968,100,100,1000,14.529109807017791,,
26,14,2670,2671,1.0,270725,13183,0.0007086399270433353,100,100,1000,14.596918890922009,,
26,15,2672,2673,1.0,270725,13200,0.0007087850581093752,100,100,1000,14.541500689065893,,
26,16,2674,2675,1.0,270725,13171,0.0007086249905177901,100,100,1000,14.560053901191143,,
26,17,2676,2677,1.0,270725,13153,0.000708483377123322,100,100,1000,14.576140007172663,,
26,18,2678,2679,1.0,270725,13178,0.0007094300865947138,100,100,1000,14.578436484395056,,
26,19,2680,2681,1.0,270725,13222,0.0007080814783372205,100,100,1000,14.49952254889249,,
26,20,2682,2683,1.0,270725,13237,0.0007082987826316699,100,100,1000,14.525503545450295,,
26,21,2684,2685,1.0,270725,13177,0.000708712821601296,100,100,1000,14.565257892367836,,
26,22,2686,2687,1.0,270725,13214,0.0007086222940539495,100,100,1000,14.533055017785111,,
26,23,2688,2689,1.0,270725,13201,0.0007084620994475846,100,100,1000,14.570460310099234,,
26,24,2690,2691,1.0,270725,13173,0.0007093566378957235,100,100,1000,14.585624304268979,,
26,25,2692,2693,1.0,270725,13185,0.0007088370975927477,100,100,1000,14.572868973850822,,
26,26,2694,2695,1.0,270725,13182,0.0007086668104048485,100,100,1000,14.555238507725372,,
26,27,2696,2697,1.0,270725,13180,0.000709122722210049,100,100,1000,14.562807801811374,,
26,28,2698,2699,1.0,270725,13200,0.0007079043080149488,100,100,1000,14.560683519988213,,
26,29,2700,2701,1.0,270725,13194,0.0007086344202799353,100,100,1000,14.574072160889173,,
26,30,2702,2703,1.0,270725,13159,0.000708290834225751,100,100,1000,14.604390436067126,,
26,31,2704,2705,1.0,270725,13165,0.000708395365292518,100,100,1000,14.60910754790937,,
26,32,2706,2707,1.0,270725,13174,0.0007107269609711651,100,100,1000,14.562379289580212,,
26,33,2708,2709,1.0,270725,13194,0.0007087296089248866,100,100,1000,14.541796973920032,,
26,34,2710,2711,1.0,270725,13212,0.0007071926787211818,100,100,1000,14.529134366104575,,
26,35,2712,2713,1.0,270725,13220,0.0007082890214464923,100,100,1000,14.524982978429895,,
26,36,2714,2715,1.0,270725,13173,0.0007075881953032309,100,100,1000,14.589625042731408,,
26,37,2716,2717,1.0,270725,13183,0.0007084299023842803,100,100,1000,14.548586720304744,,
26,38,2718,2719,1.0,270725,13209,0.0007100557772969634,100,100,1000,14.55272769421582,,
26,39,2720,2721,1.0,270725,13217,0.0007076623735089568,100,100,1000,14.520880162616976,,
26,40,2722,2723,1.0,270725,13183,0.0007094052659475439,100,100,1000,14.55090439473248,,
26,41,2724,2725,1.0,270725,13194,0.0007102028427318177,100,100,1000,14.572478149273717,,
26,42,2726,2727,1.0,270725,13213,0.0007096103442476899,100,100,1000,14.516610357430345,,
26,43,2728,2729,1.0,270725,13233,0.0007095424234307582,100,100,1000,14.521508162239341,,
26,44,2730,2731,1.0,270725,13233,0.0007090439622024101,100,100,1000,14.498989522487205,,
26,45,2732,2733,1.0,270725,13216,0.0007085534130350907,100,100,1000,14.525364807661427,,
26,46,2734,2735,1.0,270725,13215,0.0007063518782837137,100,100,1000,14.542970219174052,,
26,47,2736,2737,1.0,270725,13231,0.0007085750175304128,100,100,1000,14.51794402051611,,
26,48,2738,2739,1.0,270725,13193,0.0007090572578076404,100,100,1000,14.535836636072554,,
26,49,2740,2741,1.0,270725,13186,0.0007101059479906415,100,100,1000,14.578431758375736,,
27,0,2742,2743,1.0,316251,15020,0.0006418562548266888,100,100,1000,14.949107160187268,,
27,1,2744,2745,1.0,316251,15034,0.0006429930809483414,100,100,1000,14.921971778936992,,
27,2,2746,2747,1.0,316251,15019,0.000642194744463824,100,100,1000,14.933264115608782,,
27,3,2748,2749,1.0,316251,15032,0.0006421714448205762,100,100,1000,14.906387096605117,,
27,4,2750,2751,1.0,316251,15026,0.0006428993086071859,100,100,1000,14.914999717416528,,
27,5,2752,2753,1.0,316251,15020,0.0006423105511649772,100,100,1000,14.934678338805684,,
27,6,2754,2755,1.0,316251,15025,0.0006426292601804715,100,100,1000,14.929579839187499,,
27,7,2756,2757,1.0,316251,15002,0.0006422939799644404,100,100,1000,14.956322715195524,,
27,8,2758,2759,1.0,316251,15036,0.0006413280683487857,100,100,1000,14.940799829760143,,
27,9,2760,2761,1.0,316251,15033,0.0006410379455291238,100,100,1000,14.939674610614928,,
27,10,2762,2763,1.0,316251,15037,0.0006414636192421122,100,100,1000,14.94019253913852,,
27,11,2764,2765,1.0,316251,15036,0.0006417813098076986,100,100,1000,14.91464796507833,,
27,12,2766,2767,1.0,316251,15022,0.0006420352038628988,100,100,1000,14.941526361352858,,
27,13,2768,2769,1.0,316251,15016,0.0006412855934355459,100,100,1000,14.937630647303685,,
27,14,2770,2771,1.0,316251,15016,0.0006424313620847872,100,100,1000,14.953828811049581,,
27,15,2772,2773,1.0,316251,15024,0.0006410779857919878,100,100,1000,14.9512542085309,,
27,16,2774,2775,1.0,316251,15030,0.0006421244677788436,100,100,1000,14.918436915475597,,
27,17,2776,2777,1.0,316251,15017,0.0006412130821966169,100,100,1000,14.940088415330731,,
27,18,2778,2779,1.0,316251,15028,0.0006416256034636374,100,100,1000,14.952118175375238,,
27,19,2780,2781,1.0,316251,15019,0.0006408718376556507,100,100,1000,14.940163181609865,,
27,20,2782,2783,1.0,316251,15035,0.0006425893605050615,100,100,1000,14.91560850442709,,
27,21,2784,2785,1.0,316251,15023,0.0006422826457740393,100,100,1000,14.940543142782062,,
27,22,2786,2787,1.0,316251,15021,0.0006414983672764056,100,100,1000,14.933895467357376,,
27,23,2788,2789,1.0,316251,15031,0.000642697920601947,100,100,1000,14.911146719290228,,
27,24,2790,2791,1.0,316251,15046,0.0006424439517148954,100,100,1000,14.904837449900738,,
27,25,2792,2793,1.0,316251,15030,0.0006420551221287018,100,100,1000,14.909190366647811,,
27,26,2794,2795,1.0,316251,15031,0.0006422082030719662,100,100,1000,14.924395031900357,,
27,27,2796,2797,1.0,316251,15028,0.0006413464873253526,100,100,1000,14.918428886181333,,
27,28,2798,2799,1.0,316251,15020,0.0006418677898545923,100,100,1000,14.940393309120742,,
27,29,2800,2801,1.0,316251,15039,0.0006432882859516759,100,100,1000,14.916290067440356,,
27,30,2802,2803,1.0,316251,15022,0.0006416412345795295,100,100,1000,14.954404360009944,,
27,31,2804,2805,1.0,316251,15024,0.0006415107343619767,100,100,1000,14.936924953261073,,
27,32,2806,2807,1.0,316251,15034,0.000642672538452705,100,100,1000,14.93461015971157,,
27,33,2808,2809,1.0,316251,15026,0.0006418017480865577,100,100,1000,14.931311851335906,,
27,34,2810,2811,1.0,316251,15026,0.0006411593793909341,100,100,1000,14.945518799355858,,
27,35,2812,2813,1.0,316251,15022,0.0006418070399185021,100,100,1000,14.925873810369705,,
27,36,2814,2815,1.0,316251,15031,0.0006429427935580789,100,100,1000,14.9432027848708,,
27,37,2816,2817,1.0,316251,15028,0.0006436974570897687,100,100,1000,14.920956876409601,,
27,38,2818,2819,1.0,316251,15012,0.0006417458541334796,100,100,1000,14.958990269209291,,
27,39,2820,2821,1.0,316251,15027,0.0006429615322640867,100,100,1000,14.936354615912256,,
27,40,2822,2823,1.0,316251,15023,0.0006434633047033569,100,100,1000,14.931974958805464,,
27,41,2824,2825,1.0,316251,15046,0.0006429216383605833,100,100,1000,14.916535521478684,,
27,42,2826,2827,1.0,316251,15028,0.0006412661876251202,100,100,1000,14.926611645628626,,
27,43,2828,2829,1.0,316251,15020,0.0006422503034803223,100,100,1000,14.933312973086661,,
27,44,2830,2831,1.0,316251,15024,0.0006413956238815817,100,100,1000,14.943376928353887,,
27,45,2832,2833,1.0,316251,15031,0.0006428612884204558,100,100,1000,14.91439106298923,,
27,46,2834,2835,1.0,316251,15025,0.000642496799655501,100,100,1000,14.944633276754237,,
27,47,2836,2837,1.0,316251,15026,0.000642974963362376,100,100,1000,14.931803271063002,,
27,48,2838,2839,1.0,316251,15030,0.0006416500509364364,100,100,1000,14.910019960093472,,
27,49,2840,2841,1.0,316251,15019,0.000641466979421316,100,100,1000,14.94677753124145,,
28,0,2842,2843,1.0,367290,17031,0.0005843206343304736,100,100,1000,15.293775095809652,,
28,1,2844,2845,1.0,367290,17023,0.0005835866804298646,100,100,1000,15.302362515661368,,
28,2,2846,2847,1.0,367290,17039,0.0005837083001142659,100,100,1000,15.316518159977276,,
28,3,2848,2849,1.0,367290,17034,0.000583951264855289,100,100,1000,15.298614834090305,,
28,4,2850,2851,1.0,367290,17056,0.0005834315481188516,100,100,1000,15.302206781252947,,
28,5,2852,2853,1.0,367290,17015,0.0005854311397907288,100,100,1000,15.33415118010999,,
28,6,2854,2855,1.0,367290,17049,0.0005827894794060377,100,100,1000,15.31215754214458,,
28,7,2856,2857,1.0,367290,17029,0.0005834500387013055,100,100,1000,15.325676144245469,,
28,8,2858,2859,1.0,367290,17037,0.0005839643225821904,100,100,1000,15.298259851363218,,
28,9,2860,2861,1.0,367290,17057,0.0005825510593094324,100,100,1000,15.305444673859073,,
28,10,2862,2863,1.0,367290,17034,0.0005840315905895271,100,100,1000,15.346421703517281,,
28,11,2864,2865,1.0,367290,17046,0.0005838188177820661,100,100,1000,15.296858394974961,,
28,12,2866,2867,1.0,367290,17050,0.0005838041018325305,100,100,1000,15.29848840694209,,
28,13,2868,2869,1.0,367290,17033,0.000583217102423135,100,100,1000,15.31684818450303,,
28,14,2870,2871,1.0,367290,17048,0.0005834635685295583,100,100,1000,15.32216641802927,,
28,15,2872,2873,1.0,367290,17042,0.0005836179433483334,100,100,1000,15.31229059489933,,
28,16,2874,2875,1.0,367290,17062,0.0005833524307433449,100,100,1000,15.299136924748193,,
28,17,2876,2877,1.0,367290,17039,0.000584613234350243,100,100,1000,15.305603386845334,,
28,18,2878,2879,1.0,367290,17051,0.000583999017511739,100,100,1000,15.281933898159664,,
28,19,2880,2881,1.0,367290,17009,0.0005834273887957616,100,100,1000,15.331867344349323,,
28,20,2882,2883,1.0,367290,17053,0.0005847104918378654,100,100,1000,15.31458560154581,,
28,21,2884,2885,1.0,367290,17021,0.0005838578951294427,100,100,1000,15.325903741159914,,
28,22,2886,2887,1.0,367290,17033,0.0005835817260281969,100,100,1000,15.32170912106451,,
28,23,2888,2889,1.0,367290,17064,0.0005822802383658458,100,100,1000,15.310919847450059,,
28,24,2890,2891,1.0,367290,17035,0.0005840225956470406,100,100,1000,15.303023451371425,,
28,25,2892,2893,1.0,367290,17050,0.0005848235924962142,100,100,1000,15.298080583878258,,
28,26,2894,2895,1.0,367290,17031,0.0005843720868131686,100,100,1000,15.32314402402112,,
28,27,2896,2897,1.0,367290,17024,0.0005829830881846728,100,100,1000,15.307338379194091,,
28,28,2898,2899,1.0,367290,17019,0.0005848676873586407,100,100,1000,15.326196910508912,,
28,29,2900,2901,1.0,367290,17034,0.000583811857916005,100,100,1000,15.311097665314264,,
28,30,2902,2903,1.0,367290,17035,0.0005836689685531891,100,100,1000,15.301191566554712,,
28,31,2904,2905,1.0,367290,17021,0.0005836726244735763,100,100,1000,15.324415637361014,,
28,32,2906,2907,1.0,367290,17049,0.0005840003994530537,100,100,1000,15.296268852726117,,
28,33,2908,2909,1.0,367290,17057,0.0005848482058704848,100,100,1000,15.285490004200055,,
28,34,2910,2911,1.0,367290,17025,0.000585235231932703,100,100,1000,15.309907571301851,,
28,35,2912,2913,1.0,367290,17045,0.0005830104656242763,100,100,1000,15.301768839539076,,
28,36,2914,2915,1.0,367290,17061,0.0005847430387226362,100,100,1000,15.285393971105218,,
28,37,2916,2917,1.0,367290,17049,0.0005842654327940227,100,100,1000,15.299415543940441,,
28,38,2918,2919,1.0,367290,17055,0.0005843909059191926,100,100,1000,15.31227795853147,,
28,39,2920,2921,1.0,367290,17041,0.000583853409770271,100,100,1000,15.296824045806432,,
28,40,2922,2923,1.0,367290,17041,0.0005835870464862571,100,100,1000,15.30452679710491,,
28,41,2924,2925,1.0,367290,17038,0.0005836547793295045,100,100,1000,15.313998982575866,,
28,42,2926,2927,1.0,367290,17026,0.0005836432338692262,100,100,1000,15.325302969293435,,
28,43,2928,2929,1.0,367290,17054,0.0005831809707745125,100,100,1000,15.29814235126638,,
28,44,2930,2931,1.0,367290,17037,0.000583002256942746,100,100,1000,15.32557301136296,,
28,45,2932,2933,1.0,367290,17044,0.0005832693672376518,100,100,1000,15.295644046154761,,
28,46,2934,2935,1.0,367290,17054,0.0005839189292683603,100,100,1000,15.276128243194512,,
28,47,2936,2937,1.0,367290,17032,0.000583764577261457,100,100,1000,15.308762291448875,,
28,48,2938,2939,1.0,367290,17060,0.0005835646642298765,100,100,1000,15.283296014372965,,
28,49,2940,2941,1.0,367290,17017,0.0005833600634849135,100,100,1000,15.329000594603931,,
29,0,2942,2943,1.0,424270,19082,0.0005334441832592323,100,100,1000,15.796293887964696,,
29,1,2944,2945,1.0,424270,19061,0.0005326599761288615,100,100,1000,15.804506408878057,,
29,2,2946,2947,1.0,424270,19060,0.0005329434786049027,100,100,1000,15.798917799185833,,
29,3,2948,2949,1.0,424270,19068,0.0005333675028937387,100,100,1000,15.801833825303675,,
29,4,2950,2951,1.0,424270,19055,0.0005341703035366556,100,100,1000,15.815405105882322,,
29,5,2952,2953,1.0,424270,19057,0.0005321587806055218,100,100,1000,15.826731683698045,,
29,6,2954,2955,1.0,424270,19077,0.0005326381000179393,100,100,1000,15.786326953485604,,
29,7,2956,2957,1.0,424270,19080,0.0005322569785820107,100,100,1000,15.819355358957646,,
29,8,2958,2959,1.0,424270,19107,0.0005322158197988403,100,100,1000,15.766543328628487,,
29,9,2960,2961,1.0,424270,19078,0.0005324463855188853,100,100,1000,15.824303495030328,,
29,10,2962,2963,1.0,424270,19079,0.0005324978673439733,100,100,1000,15.803172589658306,,
29,11,2964,2965,1.0,424270,19071,0.0005320638895756604,100,100,1000,15.820431372370592,,
29,12,2966,2967,1.0,424270,19056,0.0005338888905464174,100,100,1000,15.818847817941242,,
29,13,2968,2969,1.0,424270,19092,0.0005323410914691129,100,100,1000,15.79889961248015,,
29,14,2970,2971,1.0,424270,19084,0.0005327939562925684,100,100,1000,15.792833880295664,,
29,15,2972,2973,1.0,424270,19062,0.0005328966072785026,100,100,1000,15.813660193048246,,
29,16,2974,2975,1.0,424270,19080,0.0005333294845145436,100,100,1000,15.793306418171765,,
29,17,2976,2977,1.0,424270,19077,0.0005326698391641802,100,100,1000,15.797580061209514,,
29,18,2978,2979,1.0,424270,19081,0.0005329318144182547,100,100,1000,15.797589604083086,,
29,19,2980,2981,1.0,424270,19059,0.0005319800903800132,100,100,1000,15.813908112467692,,
29,20,2982,2983,1.0,424270,19051,0.0005320469584402602,100,100,1000,15.846893967802835,,
29,21,2984,2985,1.0,424270,19103,0.0005325625571355339,100,100,1000,15.788096383337617,,
29,22,2986,2987,1.0,424270,19061,0.0005332624792409814,100,100,1000,15.846468022950772,,
29,23,2988,2989,1.0,424270,19071,0.0005324787331002747,100,100,1000,15.817124042338374,,
29,24,2990,2991,1.0,424270,19050,0.0005322569045368768,100,100,1000,15.84086879355279,,
29,25,2992,2993,1.0,424270,19053,0.0005335537462380121,100,100,1000,15.803284354832217,,
29,26,2994,2995,1.0,424270,19065,0.0005327448639268455,100,100,1000,15.813466989479243,,
29,27,2996,2997,1.0,424270,19095,0.0005316295483608816,100,100,1000,15.794725977738977,,
29,28,2998,2999,1.0,424270,19046,0.000533312200713617,100,100,1000,15.815389127703309,,
29,29,3000,3001,1.0,424270,19073,0.0005327245408095922,100,100,1000,15.815013593054497,,
29,30,3002,3003,1.0,424270,19056,0.0005324093535488472,100,100,1000,15.827335013434501,,
29,31,3004,3005,1.0,424270,19061,0.0005314807263804169,100,100,1000,15.83297796725802,,
29,32,3006,3007,1.0,424270,19067,0.0005324776872831547,100,100,1000,15.815749280995231,,
29,33,3008,3009,1.0,424270,19057,0.0005323605249180408,100,100,1000,15.827923892124051,,
29,34,3010,3011,1.0,424270,19087,0.0005322278423731278,100,100,1000,15.794005059043073,,
29,35,3012,3013,1.0,424270,19090,0.0005315459764084127,100,100,1000,15.783347478779227,,
29,36,3014,3015,1.0,424270,19066,0.0005325350910531002,100,100,1000,15.813928835337638,,
29,37,3016,3017,1.0,424270,19095,0.0005317563010980581,100,100,1000,15.798112499458606,,
29,38,3018,3019,1.0,424270,19074,0.000532650733835969,100,100,1000,15.805995203749445,,
29,39,3020,3021,1.0,424270,19073,0.0005319591439904034,100,100,1000,15.816822268361891,,
29,40,3022,3023,1.0,424270,19064,0.000532696462134915,100,100,1000,15.807299819620635,,
29,41,3024,3025,1.0,424270,19085,0.0005327646247462833,100,100,1000,15.782042798071346,,
29,42,3026,3027,1.0,424270,19073,0.0005319546009090489,100,100,1000,15.812097150036575,,
29,43,3028,3029,1.0,424270,19046,0.0005333749310436263,100,100,1000,15.837113827050892,,
29,44,3030,3031,1.0,424270,19065,0.0005328687922642131,100,100,1000,15.818482601181373,,
29,45,3032,3033,1.0,424270,19062,0.0005327774490281858,100,100,1000,15.82559107951535,,
29,46,3034,3035,1.0,424270,19072,0.0005328639150321033,100,100,1000,15.799713252637018,,
29,47,3036,3037,1.0,424270,19081,0.0005333915014507412,100,100,1000,15.80085433339034,,
29,48,3038,3039,1.0,424270,19082,0.0005329299086023969,100,100,1000,15.790857174333663,,
29,49,3040,3041,1.0,424270,19073,0.0005325923367062996,100,100,1000,15.816372295519756,,
30,0,3042,3043,1.0,487635,21098,0.00048808326181457934,100,100,1000,16.433063430453874,,
30,1,3044,3045,1.0,487635,21067,0.0004878020528574175,100,100,1000,16.443274844914185,,
30,2,3046,3047,1.0,487635,21016,0.0004869859018625822,100,100,1000,16.496887161158366,,
30,3,3048,3049,1.0,487635,21093,0.0004881952413197165,100,100,1000,16.43435464050457,,
30,4,3050,3051,1.0,487635,21040,0.00048744055233023386,100,100,1000,16.476808999437097,,
30,5,3052,3053,1.0,487635,21062,0.0004876581560519001,100,100,1000,16.448293799955774,,
30,6,3054,3055,1.0,487635,21049,0.00048738339813494616,100,100,1000,16.45845065153205,,
30,7,3056,3057,1.0,487635,21042,0.0004871702052347854,100,100,1000,16.489426225601452,,
30,8,3058,3059,1.0,487635,21039,0.00048783592585918635,100,100,1000,16.48003445258702,,
30,9,3060,3061,1.0,487635,21056,0.0004878421505626324,100,100,1000,16.475392083246643,,
30,10,3062,3063,1.0,487635,21042,0.0004880469949908276,100,100,1000,16.45962604924245,,
30,11,3064,3065,1.0,487635,21085,0.0004868161213605471,100,100,1000,16.449754513422807,,
30,12,3066,3067,1.0,487635,21089,0.00048745675184172423,100,100,1000,16.46493924379356,,
30,13,3068,3069,1.0,487635,21078,0.0004866393693344879,100,100,1000,16.442612074686643,,
30,14,3070,3071,1.0,487635,21053,0.00048751346830662614,100,100,1000,16.472272465964824,,
30,15,3072,3073,1.0,487635,21080,0.000488045703427352,100,100,1000,16.44190245314829,,
30,16,3074,3075,1.0,487635,21031,0.0004872608700864685,100,100,1000,16.475826866317814,,
30,17,3076,3077,1.0,487635,21045,0.0004876849875123475,100,100,1000,16.483489468179336,,
30,18,3078,3079,1.0,487635,21069,0.000487177267328998,100,100,1000,16.442087953652514,,
30,19,3080,3081,1.0,487635,21036,0.0004873766363404677,100,100,1000,16.474086328579496,,
30,20,3082,3083,1.0,487635,21088,0.00048784308603096215,100,100,1000,16.43221977396335,,
30,21,3084,3085,1.0,487635,21057,0.0004877186750498101,100,100,1000,16.453835792640625,,
30,22,3086,3087,1.0,487635,21017,0.0004876465383116227,100,100,1000,16.49734244289953,,
30,23,3088,3089,1.0,487635,21048,0.0004859745525224576,100,100,1000,16.472637125394865,,
30,24,3090,3091,1.0,487635,21117,0.0004881457006160573,100,100,1000,16.412768822291245,,
30,25,3092,3093,1.0,487635,21006,0.0004883825161184807,100,100,1000,16.509615595957314,,
30,26,3094,3095,1.0,487635,21067,0.0004869120754125582,100,100,1000,16.45536531283998,,
30,27,3096,3097,1.0,487635,21055,0.00048726074304929483,100,100,1000,16.452502253810913,,
30,28,3098,3099,1.0,487635,21038,0.000488264456319176,100,100,1000,16.477739034744808,,
30,29,3100,3101,1.0,487635,20986,0.00048806612028959615,100,100,1000,16.516667600612184,,
30,30,3102,3103,1.0,487635,21025,0.0004873567823950547,100,100,1000,16.482803700737403,,
30,31,3104,3105,1.0,487635,21046,0.000488440545366495,100,100,1000,16.477784919879436,,
30,32,3106,3107,1.0,487635,21046,0.0004876137981456956,100,100,1000,16.44295521165749,,
30,33,3108,3109,1.0,487635,21055,0.000487636199470306,100,100,1000,16.462071207038633,,
30,34,3110,3111,1.0,487635,21070,0.0004877175721929901,100,100,1000,16.435773718784212,,
30,35,3112,3113,1.0,487635,21061,0.0004866881804147218,100,100,1000,16.49029261452785,,
30,36,3114,3115,1.0,487635,21090,0.0004882308582148546,100,100,1000,16.402080037882854,,
30,37,3116,3117,1.0,487635,21051,0.000487347315442893,100,100,1000,16.451072795484244,,
30,38,3118,3119,1.0,487635,21047,0.00048733629862413865,100,100,1000,16.47529941148934,,
30,39,3120,3121,1.0,487635,21051,0.0004884458830590406,100,100,1000,16.474417122249267,,
30,40,3122,3123,1.0,487635,21052,0.0004881883973309429,100,100,1000,16.46227337146761,,
30,41,3124,3125,1.0,487635,21045,0.0004880526113816167,100,100,1000,16.47123585384593,,
30,42,3126,3127,1.0,487635,21060,0.0004884151424831227,100,100,1000,16.457939203931968,,
30,43,3128,3129,1.0,487635,21069,0.0004875201357376065,100,100,1000,16.453947726386904,,
30,44,3130,3131,1.0,487635,21046,0.0004879698190185357,100,100,1000,16.47616571760808,,
30,45,3132,3133,1.0,487635,21080,0.00048746015453073234,100,100,1000,16.435110758799187,,
30,46,3134,3135,1.0,487635,21027,0.0004876571483150144,100,100,1000,16.475228036207444,,
30,47,3136,3137,1.0,487635,21058,0.00048682270953535905,100,100,1000,16.45625819892978,,
30,48,3138,3139,1.0,487635,21087,0.0004886224959111402,100,100,1000,16.4421653174952,,
30,49,3140,3141,1.0,487635,21033,0.00048759607379227527,100,100,1000,16.491274415641264,,
31,0,3142,3143,1.0,557845,22921,0.00044780029109900974,100,100,1000,17.27691974254333,,
31,1,3144,3145,1.0,557845,22935,0.00044753159084424493,100,100,1000,17.294109738916077,,
31,2,3146,3147,1.0,557845,22921,0.00044786020442965393,100,100,1000,17.287050366330707,,
31,3,3148,3149,1.0,557845,22931,0.0004479749220864095,100,100,1000,17.276101341192437,,
31,4,3150,3151,1.0,557845,22918,0.0004478921170168007,100,100,1000,17.307803458020473,,
31,5,3152,3153,1.0,557845,22948,0.0004469684765345114,100,100,1000,17.276069661647988,,
31,6,3154,3155,1.0,557845,22895,0.000447655717336502,100,100,1000,17.28615228926063,,
31,7,3156,3157,1.0,557845,22988,0.0004481372642479936,100,100,1000,17.23842373595242,,
31,8,3158,3159,1.0,557845,22887,0.0004472437629737999,100,100,1000,17.295912978000064,,
31,9,3160,3161,1.0,557845,22942,0.00044803005584885145,100,100,1000,17.257749091182596,,
31,10,3162,3163,1.0,557845,22935,0.00044762686958557847,100,100,1000,17.301361863344365,,
31,11,3164,3165,1.0,557845,22948,0.0004482374898246245,100,100,1000,17.258276195056826,,
31,12,3166,3167,1.0,557845,22917,0.00044796435613429124,100,100,1000,17.27967496857353,,
31,13,3168,3169,1.0,557845,22961,0.00044722711959674225,100,100,1000,17.258122396678097,,
31,14,3170,3171,1.0,557845,22950,0.0004482047416436333,100,100,1000,17.260601373955566,,
31,15,3172,3173,1.0,557845,22937,0.0004481893929864436,100,100,1000,17.29224320852328,,
31,16,3174,3175,1.0,557845,22910,0.0004482008157523225,100,100,1000,17.27643380025642,,
31,17,3176,3177,1.0,557845,22897,0.00044842479765190135,100,100,1000,17.294659938043647,,
31,18,3178,3179,1.0,557845,22903,0.00044726162280662166,100,100,1000,17.293070929200567,,
31,19,3180,3181,1.0,557845,23015,0.0004471688264871967,100,100,1000,17.226428292212905,,
31,20,3182,3183,1.0,557845,22917,0.0004478143013353593,100,100,1000,17.285989375931482,,
31,21,3184,3185,1.0,557845,22923,0.00044820247410682105,100,100,1000,17.276598508994095,,
31,22,3186,3187,1.0,557845,22931,0.0004467833735471714,100,100,1000,17.301214230833825,,
31,23,3188,3189,1.0,557845,22859,0.000448419720685734,100,100,1000,17.32768005856178,,
31,24,3190,3191,1.0,557845,22875,0.00044748076205847214,100,100,1000,17.331766198585136,,
31,25,3192,3193,1.0,557845,22943,0.0004465269940354098,100,100,1000,17.28684491905362,,
31,26,3194,3195,1.0,557845,22935,0.0004466859005889799,100,100,1000,17.263952042145682,,
31,27,3196,3197,1.0,557845,22958,0.0004474305141734773,100,100,1000,17.28789165529294,,
31,28,3198,3199,1.0,557845,22905,0.00044710372031938754,100,100,1000,17.314238804602205,,
31,29,3200,3201,1.0,557845,22916,0.00044720090629711816,100,100,1000,17.298098956406502,,
31,30,3202,3203,1.0,557845,22902,0.00044826082482857384,100,100,1000,17.30817113261884,,
31,31,3204,3205,1.0,557845,22951,0.00044764139560698,100,100,1000,17.26788894269754,,
31,32,3206,3207,1.0,557845,22963,0.00044765446486095606,100,100,1000,17.254180501256197,,
31,33,3208,3209,1.0,557845,22919,0.00044792383570211713,100,100,1000,17.287027792048388,,
31,34,3210,3211,1.0,557845,22941,0.0004481472878849741,100,100,1000,17.30155550474196,,
31,35,3212,3213,1.0,557845,22891,0.00044881478422946177,100,100,1000,17.307651414890888,,
31,36,3214,3215,1.0,557845,22947,0.0004479397953834191,100,100,1000,17.2543335577852,,
31,37,3216,3217,1.0,557845,22939,0.0004474429381153712,100,100,1000,17.25880093489119,,
31,38,3218,3219,1.0,557845,22957,0.0004480663585611886,100,100,1000,17.240190665671804,,
31,39,3220,3221,1.0,557845,22958,0.0004477750023123702,100,100,1000,17.245434992294406,,
31,40,3222,3223,1.0,557845,22954,0.00044801925855037536,100,100,1000,17.26385780037371,,
31,41,3224,3225,1.0,557845,22902,0.0004478233008983125,100,100,1000,17.297261202801632,,
31,42,3226,3227,1.0,557845,22910,0.0004478127215480167,100,100,1000,17.28427111738438,,
31,43,3228,3229,1.0,557845,22938,0.00044761633986963766,100,100,1000,17.290374077823085,,
31,44,3230,3231,1.0,557845,22968,0.00044822241948364895,100,100,1000,17.221466953919204,,
31,45,3232,3233,1.0,557845,22928,0.00044898496699930597,100,100,1000,17.267976935111207,,
31,46,3234,3235,1.0,557845,22951,0.00044750542015067814,100,100,1000,17.269292900024833,,
31,47,3236,3237,1.0,557845,22900,0.00044812517873681285,100,100,1000,17.30322926296663,,
31,48,3238,3239,1.0,557845,22914,0.00044760550441877195,100,100,1000,17.30047215330578,,
31,49,3240,3241,1.0,557845,22993,0.0004477095754081463,100,100,1000,17.232979546482458,,
32,0,3242,3243,1.0,635376,25260,0.0004130453336280294,100,100,1000,17.857153463639797,,
32,1,3244,3245,1.0,635376,25261,0.0004122001909925222,100,100,1000,17.87928520387666,,
32,2,3246,3247,1.0,635376,25242,0.0004123316884693972,100,100,1000,17.87864241272041,,
32,3,3248,3249,1.0,635376,25252,0.0004118658729674761,100,100,1000,17.88848218809921,,
32,4,3250,3251,1.0,635376,25245,0.00041215373178211197,100,100,1000,17.868655571415655,,
32,5,3252,3253,1.0,635376,25235,0.00041317185789750726,100,100,1000,17.882313085189445,,
32,6,3254,3255,1.0,635376,25259,0.0004116969174406134,100,100,1000,17.86114011364344,,
32,7,3256,3257,1.0,635376,25254,0.0004125275623542162,100,100,1000,17.856632237766956,,
32,8,3258,3259,1.0,635376,25244,0.0004114721506198707,100,100,1000,17.865257184079695,,
32,9,3260,3261,1.0,635376,25257,0.0004123281481368946,100,100,1000,17.8741482233017,,
32,10,3262,3263,1.0,635376,25225,0.00041224568634384525,100,100,1000,17.88730886513121,,
32,11,3264,3265,1.0,635376,25246,0.000412052145189851,100,100,1000,17.864932469904193,,
32,12,3266,3267,1.0,635376,25237,0.0004125000355516517,100,100,1000,17.86428983149392,,
32,13,3268,3269,1.0,635376,25237,0.00041265428742844946,100,100,1000,17.861095057558398,,
32,14,3270,3271,1.0,635376,25236,0.00041241239072305793,100,100,1000,17.874300413489898,,
32,15,3272,3273,1.0,635376,25251,0.0004119289644772849,100,100,1000,17.87830741870918,,
32,16,3274,3275,1.0,635376,25248,0.00041235289646717404,100,100,1000,17.85379226655961,,
32,17,3276,3277,1.0,635376,25247,0.00041287602268639574,100,100,1000,17.841317032331563,,
32,18,3278,3279,1.0,635376,25263,0.0004118301343362393,100,100,1000,17.862558364247757,,
32,19,3280,3281,1.0,635376,25250,0.00041206960899797514,100,100,1000,17.87860798886061,,
32,20,3282,3283,1.0,635376,25255,0.00041181943420109203,100,100,1000,17.87905500231351,,
32,21,3284,3285,1.0,635376,25230,0.0004129606007405739,100,100,1000,17.873731410453875,,
32,22,3286,3287,1.0,635376,25225,0.00041260465785397524,100,100,1000,17.87234703566459,,
32,23,3288,3289,1.0,635376,25231,0.00041280538830792355,100,100,1000,17.87594663753464,,
32,24,3290,3291,1.0,635376,25244,0.0004112851684646567,100,100,1000,17.87476128023231,,
32,25,3292,3293,1.0,635376,25254,0.000412275649260245,100,100,1000,17.851502765913636,,
32,26,3294,3295,1.0,635376,25266,0.0004127261892492652,100,100,1000,17.861635396288598,,
32,27,3296,3297,1.0,635376,25240,0.000411775986256869,100,100,1000,17.8746407414267,,
32,28,3298,3299,1.0,635376,25255,0.00041252197001946265,100,100,1000,17.85274062874594,,
32,29,3300,3301,1.0,635376,25247,0.0004126655285005788,100,100,1000,17.867360434855147,,
32,30,3302,3303,1.0,635376,25253,0.0004125612600498534,100,100,1000,17.868863632476568,,
32,31,3304,3305,1.0,635376,25243,0.00041270930728091294,100,100,1000,17.868457713210425,,
32,32,3306,3307,1.0,635376,25234,0.00041212561073704194,100,100,1000,17.888086503430518,,
32,33,3308,3309,1.0,635376,25231,0.0004122889567966916,100,100,1000,17.87400706852251,,
32,34,3310,3311,1.0,635376,25225,0.000412332624933695,100,100,1000,17.880040593149474,,
32,35,3312,3313,1.0,635376,25228,0.0004114478345514523,100,100,1000,17.896937468986277,,
32,36,3314,3315,1.0,635376,25260,0.0004122656032388765,100,100,1000,17.865172816740134,,
32,37,3316,3317,1.0,635376,25254,0.00041152929260170686,100,100,1000,17.862038939419293,,
32,38,3318,3319,1.0,635376,25252,0.000412496535451062,100,100,1000,17.860324999345536,,
32,39,3320,3321,1.0,635376,25235,0.00041269153338467516,100,100,1000,17.873573461637076,,
32,40,3322,3323,1.0,635376,25247,0.0004120603295917832,100,100,1000,17.865559270954332,,
32,41,3324,3325,1.0,635376,25245,0.0004126756287922426,100,100,1000,17.873811088981814,,
32,42,3326,3327,1.0,635376,25275,0.000412874656820215,100,100,1000,17.84086189156078,,
32,43,3328,3329,1.0,635376,25260,0.0004123121293417967,100,100,1000,17.859630437654296,,
32,44,3330,3331,1.0,635376,25247,0.0004118434032997307,100,100,1000,17.883241331969707,,
32,45,3332,3333,1.0,635376,25230,0.0004126563614798628,100,100,1000,17.86714554263729,,
32,46,3334,3335,1.0,635376,25248,0.00041225106015732273,100,100,1000,17.881907610091247,,
32,47,3336,3337,1.0,635376,25240,0.000412800222656466,100,100,1000,17.872279905819944,,
32,48,3338,3339,1.0,635376,25238,0.00041250622071789723,100,100,1000,17.859700303631115,,
32,49,3340,3341,1.0,635376,25250,0.00041283886907319775,100,100,1000,17.864078923854056,,
33,0,3342,3343,1.0,720720,28089,0.0003804313229282873,100,100,1000,18.222328648698298,,
33,1,3344,3345,1.0,720720,28051,0.0003809904267771915,100,100,1000,18.24121733123866,,
33,2,3346,3347,1.0,720720,28069,0.0003809277099011248,100,100,1000,18.246248039961987,,
33,3,3348,3349,1.0,720720,28079,0.0003813933093573031,100,100,1000,18.228832093370517,,
33,4,3350,3351,1.0,720720,28050,0.00038050297902683986,100,100,1000,18.258476301570898,,
33,5,3352,3353,1.0,720720,28071,0.00038095994446431404,100,100,1000,18.23717858440383,,
33,6,3354,3355,1.0,720720,28067,0.0003802405233998006,100,100,1000,18.245886702172168,,
33,7,3356,3357,1.0,720720,28087,0.0003807336879242823,100,100,1000,18.255039190905826,,
33,8,3358,3359,1.0,720720,28064,0.00038066556411448904,100,100,1000,18.2314255749306,,
33,9,3360,3361,1.0,720720,28086,0.0003803965930906892,100,100,1000,18.2354206217217,,
33,10,3362,3363,1.0,720720,28058,0.0003807997689226283,100,100,1000,18.253654244803943,,
33,11,3364,3365,1.0,720720,28051,0.00038084782054147534,100,100,1000,18.239467696643487,,
33,12,3366,3367,1.0,720720,28074,0.00038074700847147175,100,100,1000,18.24252908056156,,
33,13,3368,3369,1.0,720720,28078,0.00038061545810904874,100,100,1000,18.251378977102625,,
33,14,3370,3371,1.0,720720,28064,0.0003808771121930745,100,100,1000,18.251182746573782,,
33,15,3372,3373,1.0,720720,28085,0.0003802024283040833,100,100,1000,18.241964260129954,,
33,16,3374,3375,1.0,720720,28077,0.0003806010215637083,100,100,1000,18.239224917784355,,
33,17,3376,3377,1.0,720720,28064,0.0003807778903548078,100,100,1000,18.240906570943647,,
33,18,3378,3379,1.0,720720,28072,0.0003812623591609346,100,100,1000,18.226922071401372,,
33,19,3380,3381,1.0,720720,28065,0.0003805914895394486,100,100,1000,18.24628595090835,,
33,20,3382,3383,1.0,720720,28072,0.00038102026861751374,100,100,1000,18.233438137150383,,
33,21,3384,3385,1.0,720720,28070,0.00038102610624589464,100,100,1000,18.24983846152226,,
33,22,3386,3387,1.0,720720,28056,0.00038002639092896156,100,100,1000,18.248182490996836,,
33,23,3388,3389,1.0,720720,28083,0.00038103133424729157,100,100,1000,18.23842796470445,,
33,24,3390,3391,1.0,720720,28082,0.0003812679616933324,100,100,1000,18.2404078754359,,
33,25,3392,3393,1.0,720720,28071,0.00038003903720592984,100,100,1000,18.2516522608594,,
33,26,3394,3395,1.0,720720,28067,0.000380602218112119,100,100,1000,18.23284530183689,,
33,27,3396,3397,1.0,720720,28061,0.00038056103740474783,100,100,1000,18.249190850031123,,
33,28,3398,3399,1.0,720720,28066,0.0003810762054263541,100,100,1000,18.255043394432782,,
33,29,3400,3401,1.0,720720,28067,0.00038072024788140044,100,100,1000,18.239713822892273,,
33,30,3402,3403,1.0,720720,28067,0.00038103930873395925,100,100,1000,18.228665202894057,,
33,31,3404,3405,1.0,720720,28044,0.00038108032705004704,100,100,1000,18.250129900240186,,
33,32,3406,3407,1.0,720720,28080,0.00038027503363196333,100,100,1000,18.24688573770495,,
33,33,3408,3409,1.0,720720,28073,0.000381152841704741,100,100,1000,18.226638714784166,,
33,34,3410,3411,1.0,720720,28075,0.00038052680466405935,100,100,1000,18.238930872674015,,
33,35,3412,3413,1.0,720720,28056,0.0003806507553777531,100,100,1000,18.25183607176833,,
33,36,3414,3415,1.0,720720,28105,0.0003802955598329951,100,100,1000,18.21920005557722,,
33,37,3416,3417,1.0,720720,28029,0.0003809392153093071,100,100,1000,18.272240213306283,,
33,38,3418,3419,1.0,720720,28057,0.0003811329554798385,100,100,1000,18.248023552919218,,
33,39,3420,3421,1.0,720720,28065,0.0003809159110040139,100,100,1000,18.235963972602796,,
33,40,3422,3423,1.0,720720,28049,0.00038077340745525985,100,100,1000,18.242701523496088,,
33,41,3424,3425,1.0,720720,28075,0.0003814208431683013,100,100,1000,18.24371368538389,,
33,42,3426,3427,1.0,720720,28079,0.000380645976936027,100,100,1000,18.24760865804603,,
33,43,3428,3429,1.0,720720,28086,0.0003807673877664565,100,100,1000,18.23230931716701,,
33,44,3430,3431,1.0,720720,28057,0.00038022575219494813,100,100,1000,18.25267577279443,,
33,45,3432,3433,1.0,720720,28096,0.0003806511045097425,100,100,1000,18.22568081434549,,
33,46,3434,3435,1.0,720720,28066,0.00038098006291826245,100,100,1000,18.24501401719936,,
33,47,3436,3437,1.0,720720,28062,0.0003806533877037647,100,100,1000,18.24544999827354,,
33,48,3438,3439,1.0,720720,28056,0.00038089674598504943,100,100,1000,18.256379097389694,,
33,49,3440,3441,1.0,720720,28090,0.00038101754296060436,100,100,1000,18.226665658854422,,
34,0,3442,3443,1.0,814385,30886,0.00035215801041915733,100,100,1000,18.753002181393523,,
34,1,3444,3445,1.0,814385,30887,0.0003523143358989593,100,100,1000,18.760951708484132,,
34,2,3446,3447,1.0,814385,30920,0.00035248406005156514,100,100,1000,18.721790297369644,,
34,3,3448,3449,1.0,814385,30907,0.00035220973672137897,100,100,1000,18.724203023413864,,
34,4,3450,3451,1.0,814385,30904,0.0003520048697313293,100,100,1000,18.72088285954616,,
34,5,3452,3453,1.0,814385,30936,0.0003522450561984818,100,100,1000,18.720340770724974,,
34,6,3454,3455,1.0,814385,30907,0.00035247517975177546,100,100,1000,18.73538905681077,,
34,7,3456,3457,1.0,814385,30912,0.0003524944063756922,100,100,1000,18.729445892824117,,
34,8,3458,3459,1.0,814385,30942,0.0003521600398419008,100,100,1000,18.713409056390393,,
34,9,3460,3461,1.0,814385,30902,0.0003521384459316314,100,100,1000,18.739414576825137,,
34,10,3462,3463,1.0,814385,30908,0.00035231567922957294,100,100,1000,18.735761850130316,,
34,11,3464,3465,1.0,814385,30891,0.00035213432872211175,100,100,1000,18.736778633289852,,
34,12,3466,3467,1.0,814385,30900,0.0003525917957189875,100,100,1000,18.740500502561808,,
34,13,3468,3469,1.0,814385,30924,0.0003521436945124233,100,100,1000,18.720534221261303,,
34,14,3470,3471,1.0,814385,30945,0.0003526131159022349,100,100,1000,18.71073230479896,,
34,15,3472,3473,1.0,814385,30927,0.0003526970138370912,100,100,1000,18.713743610351095,,
34,16,3474,3475,1.0,814385,30898,0.00035223874072282184,100,100,1000,18.745066765066625,,
34,17,3476,3477,1.0,814385,30942,0.0003523966026054495,100,100,1000,18.723400072731998,,
34,18,3478,3479,1.0,814385,30944,0.00035264071690495064,100,100,1000,18.693576044576922,,
34,19,3480,3481,1.0,814385,30908,0.00035280260910240354,100,100,1000,18.723524797795392,,
34,20,3482,3483,1.0,814385,30914,0.0003518740466741246,100,100,1000,18.722363194414562,,
34,21,3484,3485,1.0,814385,30911,0.00035223969277153964,100,100,1000,18.736343239067125,,
34,22,3486,3487,1.0,814385,30883,0.00035219762719278003,100,100,1000,18.75725159257367,,
34,23,3488,3489,1.0,814385,30925,0.000352577483807072,100,100,1000,18.7080025632737,,
34,24,3490,3491,1.0,814385,30936,0.00035238390268633476,100,100,1000,18.710109232721326,,
34,25,3492,3493,1.0,814385,30955,0.0003525034753213811,100,100,1000,18.692640254978798,,
34,26,3494,3495,1.0,814385,30924,0.00035282996470442705,100,100,1000,18.708681482029103,,
34,27,3496,3497,1.0,814385,30917,0.0003521989486727327,100,100,1000,18.715145719562223,,
34,28,3498,3499,1.0,814385,30904,0.0003520077439363069,100,100,1000,18.72483466481333,,
34,29,3500,3501,1.0,814385,30906,0.0003523880817463675,100,100,1000,18.721215407752037,,
34,30,3502,3503,1.0,814385,30873,0.00035255241253828853,100,100,1000,18.753012817699485,,
34,31,3504,3505,1.0,814385,30928,0.0003523288205206635,100,100,1000,18.709949996273025,,
34,32,3506,3507,1.0,814385,30914,0.00035257282446059403,100,100,1000,18.718699458356046,,
34,33,3508,3509,1.0,814385,30921,0.00035201274004129215,100,100,1000,18.713567108427412,,
34,34,3510,3511,1.0,814385,30913,0.0003520772425092118,100,100,1000,18.726541750224992,,
34,35,3512,3513,1.0,814385,30941,0.00035236057339087663,100,100,1000,18.7183467582605,,
34,36,3514,3515,1.0,814385,30900,0.0003520802025039158,100,100,1000,18.741209520161107,,
34,37,3516,3517,1.0,814385,30901,0.00035203823549739187,100,100,1000,18.748826079596515,,
34,38,3518,3519,1.0,814385,30921,0.000352676383489601,100,100,1000,18.705878578374644,,
34,39,3520,3521,1.0,814385,30910,0.0003525088153856642,100,100,1000,18.713497792022288,,
34,40,3522,3523,1.0,814385,30882,0.0003515696233768941,100,100,1000,18.74762370199561,,
34,41,3524,3525,1.0,814385,30895,0.00035251370153480685,100,100,1000,18.723143637355484,,
34,42,3526,3527,1.0,814385,30910,0.00035219417269363924,100,100,1000,18.739303219320053,,
34,43,3528,3529,1.0,814385,30914,0.00035215143903131503,100,100,1000,18.710320017911354,,
34,44,3530,3531,1.0,814385,30954,0.0003522298069666236,100,100,1000,18.701628639056878,,
34,45,3532,3533,1.0,814385,30916,0.00035183004116320617,100,100,1000,18.73151224618831,,
34,46,3534,3535,1.0,814385,30926,0.0003519092434410101,100,100,1000,18.710509705443624,,
34,47,3536,3537,1.0,814385,30912,0.0003521119249296422,100,100,1000,18.736317165507458,,
34,48,3538,3539,1.0,814385,30903,0.0003524222790849338,100,100,1000,18.733251550387713,,
34,49,3540,3541,1.0,814385,30919,0.00035254249285722347,100,100,1000,18.735563629349162,,
35,0,3542,3543,1.0,916895,33752,0.00032711223901847565,100,100,1000,19.301547335775556,,
35,1,3544,3545,1.0,916895,33696,0.00032742833139588447,100,100,1000,19.34763601135906,,
35,2,3546,3547,1.0,916895,33668,0.00032715906735165457,100,100,1000,19.372268896414734,,
35,3,3548,3549,1.0,916895,33707,0.0003268904700322669,100,100,1000,19.334621973244836,,
35,4,3550,3551,1.0,916895,33701,0.00032654610335440917,100,100,1000,19.358754175843437,,
35,5,3552,3553,1.0,916895,33709,0.0003266407887957613,100,100,1000,19.33826613249647,,
35,6,3554,3555,1.0,916895,33727,0.0003270020572486447,100,100,1000,19.33944774876903,,
35,7,3556,3557,1.0,916895,33709,0.00032683506413043933,100,100,1000,19.3395668103787,,
35,8,3558,3559,1.0,916895,33700,0.00032655931306085456,100,100,1000,19.356344267964076,,
35,9,3560,3561,1.0,916895,33727,0.00032691891349733294,100,100,1000,19.32929605888758,,
35,10,3562,3563,1.0,916895,33656,0.00032676675595538627,100,100,1000,19.368386477203178,,
35,11,3564,3565,1.0,916895,33708,0.0003267309042092396,100,100,1000,19.349518523276863,,
35,12,3566,3567,1.0,916895,33745,0.00032676079917215103,100,100,1000,19.311842524964092,,
35,13,3568,3569,1.0,916895,33696,0.00032664991324203417,100,100,1000,19.356075057151312,,
35,14,3570,3571,1.0,916895,33710,0.0003270373681402199,100,100,1000,19.32272618856981,,
35,15,3572,3573,1.0,916895,33701,0.00032698426047427447,100,100,1000,19.323184982982866,,
35,16,3574,3575,1.0,916895,33739,0.00032703540847716365,100,100,1000,19.3155944104574,,
35,17,3576,3577,1.0,916895,33714,0.0003267463141889283,100,100,1000,19.34536492315741,,
35,18,3578,3579,1.0,916895,33649,0.00032691628315372465,100,100,1000,19.384204452717512,,
35,19,3580,3581,1.0,916895,33699,0.00032697908612814734,100,100,1000,19.33523413352698,,
35,20,3582,3583,1.0,916895,33705,0.0003267668008312925,100,100,1000,19.34075712759095,,
35,21,3584,3585,1.0,916895,33747,0.0003272510342534104,100,100,1000,19.323897907084866,,
35,22,3586,3587,1.0,916895,33680,0.0003266957685953857,100,100,1000,19.355020388748503,,
35,23,3588,3589,1.0,916895,33666,0.00032689272555319393,100,100,1000,19.365384337259638,,
35,24,3590,3591,1.0,916895,33727,0.00032678873063496323,100,100,1000,19.328707881234024,,
35,25,3592,3593,1.0,916895,33656,0.0003270055514305114,100,100,1000,19.38537762858857,,
35,26,3594,3595,1.0,916895,33736,0.00032672997295400284,100,100,1000,19.33024963746772,,
35,27,3596,3597,1.0,916895,33762,0.00032691754964729656,100,100,1000,19.302497215853702,,
35,28,3598,3599,1.0,916895,33693,0.0003266008762147156,100,100,1000,19.348076537416127,,
35,29,3600,3601,1.0,916895,33690,0.0003267116907970549,100,100,1000,19.348976290979206,,
35,30,3602,3603,1.0,916895,33677,0.00032660746750573435,100,100,1000,19.354563534188895,,
35,31,3604,3605,1.0,916895,33733,0.00032748765817765935,100,100,1000,19.312166360439267,,
35,32,3606,3607,1.0,916895,33769,0.0003265464938842289,100,100,1000,19.297746957298987,,
35,33,3608,3609,1.0,916895,33730,0.00032661729791412655,100,100,1000,19.34207574745412,,
35,34,3610,3611,1.0,916895,33719,0.00032697008253382813,100,100,1000,19.32879234289817,,
35,35,3612,3613,1.0,916895,33707,0.00032649323643198415,100,100,1000,19.345799608410513,,
35,36,3614,3615,1.0,916895,33670,0.00032719165060208453,100,100,1000,19.35638700538114,,
35,37,3616,3617,1.0,916895,33677,0.00032656812555592455,100,100,1000,19.342402322992193,,
35,38,3618,3619,1.0,916895,33706,0.0003266731323478443,100,100,1000,19.344488705961425,,
35,39,3620,3621,1.0,916895,33684,0.0003268263919111921,100,100,1000,19.36587519384212,,
35,40,3622,3623,1.0,916895,33734,0.00032684875929689356,100,100,1000,19.310324717005138,,
35,41,3624,3625,1.0,916895,33749,0.0003268528149133991,100,100,1000,19.316444986354334,,
35,42,3626,3627,1.0,916895,33740,0.00032647343550051724,100,100,1000,19.321255630403183,,
35,43,3628,3629,1.0,916895,33710,0.00032657459387529903,100,100,1000,19.336556828771617,,
35,44,3630,3631,1.0,916895,33717,0.00032677785861303917,100,100,1000,19.329970265354113,,
35,45,3632,3633,1.0,916895,33699,0.00032684435328320235,100,100,1000,19.34074224612806,,
35,46,3634,3635,1.0,916895,33710,0.0003270403173549287,100,100,1000,19.335878099603562,,
35,47,3636,3637,1.0,916895,33707,0.00032649086472039764,100,100,1000,19.345320934994138,,
35,48,3638,3639,1.0,916895,33707,0.00032666810932599065,100,100,1000,19.32911671670524,,
35,49,3640,3641,1.0,916895,33758,0.0003266634109909839,100,100,1000,19.31108902533494,,
36,0,3642,3643,1.0,1028790,36405,0.00030360528636938136,100,100,1000,20.09672608044151,,
36,1,3644,3645,1.0,1028790,36358,0.00030413702963101786,100,100,1000,20.10780903591702,,
36,2,3646,3647,1.0,1028790,36345,0.00030329482551561936,100,100,1000,20.1327943955123,,
36,3,3648,3649,1.0,1028790,36401,0.0003038567260405204,100,100,1000,20.07702277181157,,
36,4,3650,3651,1.0,1028790,36367,0.00030388649060570066,100,100,1000,20.11293624403699,,
36,5,3652,3653,1.0,1028790,36418,0.0003039431342034894,100,100,1000,20.07873577080644,,
36,6,3654,3655,1.0,1028790,36347,0.0003038546207982291,100,100,1000,20.09075996933586,,
36,7,3656,3657,1.0,1028790,36397,0.0003038039464108067,100,100,1000,20.09285722189501,,
36,8,3658,3659,1.0,1028790,36434,0.00030368866685304184,100,100,1000,20.069747348896055,,
36,9,3660,3661,1.0,1028790,36372,0.00030354142948621894,100,100,1000,20.09774841177975,,
36,10,3662,3663,1.0,1028790,36396,0.000303671713645437,100,100,1000,20.088091056522195,,
36,11,3664,3665,1.0,1028790,36364,0.0003039562438899442,100,100,1000,20.113124460954108,,
36,12,3666,3667,1.0,1028790,36376,0.000303768672976128,100,100,1000,20.130671913214808,,
36,13,3668,3669,1.0,1028790,36377,0.00030382301995011875,100,100,1000,20.10608838449905,,
36,14,3670,3671,1.0,1028790,36407,0.00030369005252544527,100,100,1000,20.103702825774313,,
36,15,3672,3673,1.0,1028790,36417,0.00030379296101705445,100,100,1000,20.07432096773582,,
36,16,3674,3675,1.0,1028790,36409,0.00030349601722224424,100,100,1000,20.072526255825714,,
36,17,3676,3677,1.0,1028790,36395,0.0003038083221374407,100,100,1000,20.099517266368476,,
36,18,3678,3679,1.0,1028790,36316,0.00030428339004432103,100,100,1000,20.133873331628834,,
36,19,3680,3681,1.0,1028790,36406,0.0003038356054151479,100,100,1000,20.07489570615782,,
36,20,3682,3683,1.0,1028790,36398,0.00030354901134737114,100,100,1000,20.084542753933363,,
36,21,3684,3685,1.0,1028790,36400,0.0003039624662188078,100,100,1000,20.094075982038106,,
36,22,3686,3687,1.0,1028790,36398,0.0003039991609894546,100,100,1000,20.0861728268191,,
36,23,3688,3689,1.0,1028790,36386,0.0003037360227719367,100,100,1000,20.09882315187111,,
36,24,3690,3691,1.0,1028790,36365,0.000303495106999623,100,100,1000,20.12156696805685,,
36,25,3692,3693,1.0,1028790,36354,0.00030397530272427317,100,100,1000,20.120448299279875,,
36,26,3694,3695,1.0,1028790,36404,0.0003040759706526429,100,100,1000,20.0883383654006,,
36,27,3696,3697,1.0,1028790,36398,0.0003035639483819592,100,100,1000,20.091221027466425,,
36,28,3698,3699,1.0,1028790,36427,0.00030375831649151637,100,100,1000,20.065443691682937,,
36,29,3700,3701,1.0,1028790,36369,0.0003035965068342217,100,100,1000,20.11329801674715,,
36,30,3702,3703,1.0,1028790,36406,0.00030343747544533993,100,100,1000,20.091076706372668,,
36,31,3704,3705,1.0,1028790,36392,0.0003042720177378623,100,100,1000,20.095776778645636,,
36,32,3706,3707,1.0,1028790,36388,0.0003039141755253585,100,100,1000,20.090613192950432,,
36,33,3708,3709,1.0,1028790,36406,0.00030394250662337874,100,100,1000,20.08834614137215,,
36,34,3710,3711,1.0,1028790,36391,0.0003040498211380659,100,100,1000,20.090676539152202,,
36,35,3712,3713,1.0,1028790,36335,0.00030364388732208336,100,100,1000,20.107903294579557,,
36,36,3714,3715,1.0,1028790,36389,0.0003042919698486912,100,100,1000,20.0990309494843,,
36,37,3716,3717,1.0,1028790,36365,0.000303772257726615,100,100,1000,20.10541284483851,,
36,38,3718,3719,1.0,1028790,36391,0.0003037301437017589,100,100,1000,20.099429400387002,,
36,39,3720,3721,1.0,1028790,36376,0.00030387793568775105,100,100,1000,20.111229335359667,,
36,40,3722,3723,1.0,1028790,36378,0.00030366363403143854,100,100,1000,20.098544119735813,,
36,41,3724,3725,1.0,1028790,36377,0.0003037680700624425,100,100,1000,20.094031637513826,,
36,42,3726,3727,1.0,1028790,36400,0.00030391858975464944,100,100,1000,20.088632170896176,,
36,43,3728,3729,1.0,1028790,36372,0.00030372523375916233,100,100,1000,20.110124516250075,,
36,44,3730,3731,1.0,1028790,36387,0.0003036789412547518,100,100,1000,20.109587755494353,,
36,45,3732,3733,1.0,1028790,36341,0.00030398364084832235,100,100,1000,20.125603462304774,,
36,46,3734,3735,1.0,1028790,36350,0.0003040055085228286,100,100,1000,20.121968124212373,,
36,47,3736,3737,1.0,1028790,36405,0.0003037964460527496,100,100,1000,20.092711151054964,,
36,48,3738,3739,1.0,1028790,36359,0.00030423709763599137,100,100,1000,20.094475232505854,,
36,49,3740,3741,1.0,1028790,36374,0.00030409222398399184,100,100,1000,20.102552581417633,,
37,0,3742,3743,1.0,1150626,39276,0.0002828297402841013,100,100,1000,20.798685433932945,,
37,1,3744,3745,1.0,1150626,39273,0.0002829581329728268,100,100,1000,20.81561286624071,,
37,2,3746,3747,1.0,1150626,39281,0.0002830367205753427,100,100,1000,20.81000990325493,,
37,3,3748,3749,1.0,1150626,39266,0.00028321629261236395,100,100,1000,20.825748732118065,,
37,4,3750,3751,1.0,1150626,39263,0.0002830592631995065,100,100,1000,20.80004949697819,,
37,5,3752,3753,1.0,1150626,39269,0.0002831315360958201,100,100,1000,20.808168292892514,,
37,6,3754,3755,1.0,1150626,39250,0.00028300659578617184,100,100,1000,20.831845188909853,,
37,7,3756,3757,1.0,1150626,39265,0.0002828891761866894,100,100,1000,20.811235051193304,,
37,8,3758,3759,1.0,1150626,39251,0.00028314785854415545,100,100,1000,20.817896470815242,,
37,9,3760,3761,1.0,1150626,39269,0.00028307346610682816,100,100,1000,20.802727069436877,,
37,10,3762,3763,1.0,1150626,39275,0.0002831743820864803,100,100,1000,20.81557620787425,,
37,11,3764,3765,1.0,1150626,39270,0.00028323362515090476,100,100,1000,20.802779881682046,,
37,12,3766,3767,1.0,1150626,39287,0.0002832128426998942,100,100,1000,20.810187033684514,,
37,13,3768,3769,1.0,1150626,39265,0.00028314557766087356,100,100,1000,20.817488718787054,,
37,14,3770,3771,1.0,1150626,39267,0.000283096001367709,100,100,1000,20.81727573849894,,
37,15,3772,3773,1.0,1150626,39241,0.00028308199647428034,100,100,1000,20.8175849949813,,
37,16,3774,3775,1.0,1150626,39261,0.00028310702808393253,100,100,1000,20.8140937212783,,
37,17,3776,3777,1.0,1150626,39270,0.00028325717446222193,100,100,1000,20.80363622324349,,
37,18,3778,3779,1.0,1150626,39270,0.00028302962198209996,100,100,1000,20.815401285937437,,
37,19,3780,3781,1.0,1150626,39259,0.00028297301571632977,100,100,1000,20.809195345076965,,
37,20,3782,3783,1.0,1150626,39254,0.0002829256186953031,100,100,1000,20.82423288278989,,
37,21,3784,3785,1.0,1150626,39265,0.0002832719836975055,100,100,1000,20.812032202590856,,
37,22,3786,3787,1.0,1150626,39274,0.0002831184714205927,100,100,1000,20.8127166620314,,
37,23,3788,3789,1.0,1150626,39258,0.0002828276720743887,100,100,1000,20.82865215135218,,
37,24,3790,3791,1.0,1150626,39267,0.0002830047657192109,100,100,1000,20.80988479779547,,
37,25,3792,3793,1.0,1150626,39264,0.0002830500531842699,100,100,1000,20.809716454704198,,
37,26,3794,3795,1.0,1150626,39271,0.0002832962032626323,100,100,1000,20.804425411116007,,
37,27,3796,3797,1.0,1150626,39275,0.00028305287725262455,100,100,1000,20.811963640386836,,
37,28,3798,3799,1.0,1150626,39266,0.0002831467534605782,100,100,1000,20.809721242792094,,
37,29,3800,3801,1.0,1150626,39280,0.00028260431747795494,100,100,1000,20.80297960627051,,
37,30,3802,3803,1.0,1150626,39243,0.00028288872391709735,100,100,1000,20.834676777598638,,
37,31,3804,3805,1.0,1150626,39265,0.0002833006932673161,100,100,1000,20.810982557705678,,
37,32,3806,3807,1.0,1150626,39265,0.00028306803404114315,100,100,1000,20.804168327452633,,
37,33,3808,3809,1.0,1150626,39284,0.000282991738136665,100,100,1000,20.818061812562448,,
37,34,3810,3811,1.0,1150626,39269,0.0002830901001438001,100,100,1000,20.82132511317857,,
37,35,3812,3813,1.0,1150626,39285,0.00028295051408757017,100,100,1000,20.802403201691696,,
37,36,3814,3815,1.0,1150626,39271,0.00028325782591728116,100,100,1000,20.80101112261962,,
37,37,3816,3817,1.0,1150626,39259,0.0002830087644632085,100,100,1000,20.82164916967622,,
37,38,3818,3819,1.0,1150626,39262,0.00028309231075611613,100,100,1000,20.80810912814285,,
37,39,3820,3821,1.0,1150626,39255,0.00028298075931675314,100,100,1000,20.81192396319115,,
37,40,3822,3823,1.0,1150626,39255,0.00028327487096092813,100,100,1000,20.82017302213603,,
37,41,3824,3825,1.0,1150626,39277,0.00028312222182415184,100,100,1000,20.821540486248544,,
37,42,3826,3827,1.0,1150626,39253,0.00028298039991995263,100,100,1000,20.82330326099865,,
37,43,3828,3829,1.0,1150626,39265,0.0002829410273938957,100,100,1000,20.829352414649065,,
37,44,3830,3831,1.0,1150626,39276,0.00028333086867430023,100,100,1000,20.814682632127507,,
37,45,3832,3833,1.0,1150626,39264,0.00028320218327691706,100,100,1000,20.818890693660144,,
37,46,3834,3835,1.0,1150626,39249,0.00028264266899319786,100,100,1000,20.839533071421886,,
37,47,3836,3837,1.0,1150626,39257,0.0002830908780800358,100,100,1000,20.805677887470296,,
37,48,3838,3839,1.0,1150626,39266,0.000282957260906713,100,100,1000,20.825500674379043,,
37,49,3840,3841,1.0,1150626,39264,0.0002828703550323338,100,100,1000,20.8193795447118,,
38,0,3842,3843,1.0,1282975,43049,0.00026434476695225704,100,100,1000,21.1821654682581,,
38,1,3844,3845,1.0,1282975,43056,0.00026413084953877766,100,100,1000,21.1796170442398,,
38,2,3846,3847,1.0,1282975,43034,0.0002640572928538106,100,100,1000,21.18622148038825,,
38,3,3848,3849,1.0,1282975,43045,0.0002644960085489927,100,100,1000,21.185276203784742,,
38,4,3850,3851,1.0,1282975,43027,0.00026439673689546844,100,100,1000,21.185806768816803,,
38,5,3852,3853,1.0,1282975,43047,0.00026409997989947754,100,100,1000,21.190394205506276,,
38,6,3854,3855,1.0,1282975,43059,0.0002643520685867528,100,100,1000,21.18093280113369,,
38,7,3856,3857,1.0,1282975,43039,0.0002646074901321817,100,100,1000,21.16505613812159,,
38,8,3858,3859,1.0,1282975,43032,0.00026451040021243847,100,100,1000,21.201324869734734,,
38,9,3860,3861,1.0,1282975,43050,0.00026417901020606095,100,100,1000,21.17870904382798,,
38,10,3862,3863,1.0,1282975,43019,0.00026417970675433677,100,100,1000,21.196668495595787,,
38,11,3864,3865,1.0,1282975,43042,0.0002639020276085403,100,100,1000,21.19531788095726,,
38,12,3866,3867,1.0,1282975,43061,0.00026434320225751217,100,100,1000,21.178860989315975,,
38,13,3868,3869,1.0,1282975,43056,0.0002640880349774275,100,100,1000,21.173495089575464,,
38,14,3870,3871,1.0,1282975,43026,0.0002642965656071401,100,100,1000,21.196212790256457,,
38,15,3872,3873,1.0,1282975,43037,0.0002642894220655191,100,100,1000,21.195396054489837,,
38,16,3874,3875,1.0,1282975,43029,0.00026408349738020156,100,100,1000,21.18642196170817,,
38,17,3876,3877,1.0,1282975,43033,0.00026407783814519603,100,100,1000,21.20849950976063,,
38,18,3878,3879,1.0,1282975,43034,0.00026429099195919646,100,100,1000,21.180555754564377,,
38,19,3880,3881,1.0,1282975,43058,0.00026425042624254804,100,100,1000,21.176773780053352,,
38,20,3882,3883,1.0,1282975,43046,0.00026417899315429383,100,100,1000,21.198580377387017,,
38,21,3884,3885,1.0,1282975,43049,0.000264158824875865,100,100,1000,21.17064666299789,,
38,22,3886,3887,1.0,1282975,43052,0.0002644150865622782,100,100,1000,21.176351162938918,,
38,23,3888,3889,1.0,1282975,43056,0.0002643045065956185,100,100,1000,21.188478682614402,,
38,24,3890,3891,1.0,1282975,43023,0.00026415943653640314,100,100,1000,21.197443032974537,,
38,25,3892,3893,1.0,1282975,43055,0.0002641409651469397,100,100,1000,21.19535773842192,,
38,26,3894,3895,1.0,1282975,43039,0.0002641079240352558,100,100,1000,21.198145245357907,,
38,27,3896,3897,1.0,1282975,43007,0.00026410526046136764,100,100,1000,21.19647914208657,,
38,28,3898,3899,1.0,1282975,43027,0.00026414772926433724,100,100,1000,21.199540871102663,,
38,29,3900,3901,1.0,1282975,43050,0.00026453782383656436,100,100,1000,21.17333246129754,,
38,30,3902,3903,1.0,1282975,43027,0.0002643116710694415,100,100,1000,21.198789580904464,,
38,31,3904,3905,1.0,1282975,43044,0.00026415576633109826,100,100,1000,21.172224909344923,,
38,32,3906,3907,1.0,1282975,43025,0.00026403104706424114,100,100,1000,21.184492724181712,,
38,33,3908,3909,1.0,1282975,43010,0.0002643916477745027,100,100,1000,21.190836482153095,,
38,34,3910,3911,1.0,1282975,43026,0.0002639406725719249,100,100,1000,21.194110203910373,,
38,35,3912,3913,1.0,1282975,43047,0.0002644054401515265,100,100,1000,21.18835273289468,,
38,36,3914,3915,1.0,1282975,43064,0.0002644330123823631,100,100,1000,21.171660443215313,,
38,37,3916,3917,1.0,1282975,43042,0.00026416865104490647,100,100,1000,21.18814771233359,,
38,38,3918,3919,1.0,1282975,43046,0.0002642966464327132,100,100,1000,21.17439595863664,,
38,39,3920,3921,1.0,1282975,43046,0.00026404579985341595,100,100,1000,21.18231630668164,,
38,40,3922,3923,1.0,1282975,43049,0.00026417427368800086,100,100,1000,21.171421931804556,,
38,41,3924,3925,1.0,1282975,43054,0.0002642507746467221,100,100,1000,21.173928370211783,,
38,42,3926,3927,1.0,1282975,43024,0.0002641953381548302,100,100,1000,21.201540878159115,,
38,43,3928,3929,1.0,1282975,43035,0.00026423245974366673,100,100,1000,21.18688797692028,,
38,44,3930,3931,1.0,1282975,43039,0.00026410714375109634,100,100,1000,21.191789261214417,,
38,45,3932,3933,1.0,1282975,43057,0.0002644123616468183,100,100,1000,21.169108886153303,,
38,46,3934,3935,1.0,1282975,43041,0.00026435797697984317,100,100,1000,21.17806919010083,,
38,47,3936,3937,1.0,1282975,43070,0.0002644829495071025,100,100,1000,21.167653459172907,,
38,48,3938,3939,1.0,1282975,43005,0.00026428294895893364,100,100,1000,21.210123457767605,,
38,49,3940,3941,1.0,1282975,43011,0.0002640890874121082,100,100,1000,21.206750037597725,,
39,0,3942,3943,1.0,1426425,46847,0.00024703436127179534,100,100,1000,21.656676565852127,,
39,1,3944,3945,1.0,1426425,46806,0.0002471823060504472,100,100,1000,21.678782017520113,,
39,2,3946,3947,1.0,1426425,46826,0.0002473403704525922,100,100,1000,21.65223326947708,,
39,3,3948,3949,1.0,1426425,46832,0.00024703654557842414,100,100,1000,21.642163330365648,,
39,4,3950,3951,1.0,1426425,46850,0.00024723731244801644,100,100,1000,21.637291307366098,,
39,5,3952,3953,1.0,1426425,46815,0.0002469622386124896,100,100,1000,21.65747528788209,,
39,6,3954,3955,1.0,1426425,46823,0.0002469967832833276,100,100,1000,21.669988680151803,,
39,7,3956,3957,1.0,1426425,46807,0.00024714950806392237,100,100,1000,21.66091220796194,,
39,8,3958,3959,1.0,1426425,46840,0.00024722524294809866,100,100,1000,21.642020692541625,,
39,9,3960,3961,1.0,1426425,46826,0.000247446992537287,100,100,1000,21.65796887344085,,
39,10,3962,3963,1.0,1426425,46807,0.0002472492113093145,100,100,1000,21.67073230517824,,
39,11,3964,3965,1.0,1426425,46825,0.0002471892293699082,100,100,1000,21.664234458963087,,
39,12,3966,3967,1.0,1426425,46850,0.0002470483561424374,100,100,1000,21.65540485943626,,
39,13,3968,3969,1.0,1426425,46809,0.00024711880161466023,100,100,1000,21.671371165954703,,
39,14,3970,3971,1.0,1426425,46835,0.0002470626096797008,100,100,1000,21.64862730775412,,
39,15,3972,3973,1.0,1426425,46795,0.0002470968922617229,100,100,1000,21.665267701776436,,
39,16,3974,3975,1.0,1426425,46827,0.0002471623550412657,100,100,1000,21.66167181302414,,
39,17,3976,3977,1.0,1426425,46812,0.0002470130788511367,100,100,1000,21.66723894993931,,
39,18,3978,3979,1.0,1426425,46815,0.00024721916781866377,100,100,1000,21.66867327660257,,
39,19,3980,3981,1.0,1426425,46816,0.00024713244662624283,100,100,1000,21.67581214215007,,
39,20,3982,3983,1.0,1426425,46815,0.00024717893593350054,100,100,1000,21.674131010044565,,
39,21,3984,3985,1.0,1426425,46795,0.0002471096125541293,100,100,1000,21.66931866940552,,
39,22,3986,3987,1.0,1426425,46851,0.0002470397491768854,100,100,1000,21.631817419674906,,
39,23,3988,3989,1.0,1426425,46826,0.0002472523843358693,100,100,1000,21.65694149380048,,
39,24,3990,3991,1.0,1426425,46812,0.00024690756706471467,100,100,1000,21.67106501925019,,
39,25,3992,3993,1.0,1426425,46794,0.0002471763597149367,100,100,1000,21.673009748421713,,
39,26,3994,3995,1.0,1426425,46848,0.0002471876270763191,100,100,1000,21.637365121340977,,
39,27,3996,3997,1.0,1426425,46846,0.00024727089549262375,100,100,1000,21.642719164778704,,
39,28,3998,3999,1.0,1426425,46786,0.0002469437041929895,100,100,1000,21.668773525069597,,
39,29,4000,4001,1.0,1426425,46803,0.0002469408857176355,100,100,1000,21.66753037335771,,
39,30,4002,4003,1.0,1426425,46822,0.00024709540513038916,100,100,1000,21.667503590274002,,
39,31,4004,4005,1.0,1426425,46840,0.0002472433124836304,100,100,1000,21.666735423615403,,
39,32,4006,4007,1.0,1426425,46820,0.0002470513576212925,100,100,1000,21.671535760791173,,
39,33,4008,4009,1.0,1426425,46841,0.0002469914565473628,100,100,1000,21.659525080394566,,
39,34,4010,4011,1.0,1426425,46832,0.0002468701676668246,100,100,1000,21.65772148285268,,
39,35,4012,4013,1.0,1426425,46830,0.00024699255151462533,100,100,1000,21.667952922251843,,
39,36,4014,4015,1.0,1426425,46864,0.00024699995930161885,100,100,1000,21.650565145322137,,
39,37,4016,4017,1.0,1426425,46805,0.00024700586204656413,100,100,1000,21.683842996767794,,
39,38,4018,4019,1.0,1426425,46785,0.00024705345468038005,100,100,1000,21.683735554057535,,
39,39,4020,4021,1.0,1426425,46824,0.0002471497937839096,100,100,1000,21.658473899152707,,
39,40,4022,4023,1.0,1426425,46815,0.00024702716292048405,100,100,1000,21.66224135576021,,
39,41,4024,4025,1.0,1426425,46828,0.00024715993125884857,100,100,1000,21.65463729105405,,
39,42,4026,4027,1.0,1426425,46812,0.00024734147332651106,100,100,1000,21.666320740156454,,
39,43,4028,4029,1.0,1426425,46822,0.0002473134642436866,100,100,1000,21.65786798191252,,
39,44,4030,4031,1.0,1426425,46825,0.0002473160121840332,100,100,1000,21.650211392293023,,
39,45,4032,4033,1.0,1426425,46806,0.00024679174229744205,100,100,1000,21.673667415400665,,
39,46,4034,4035,1.0,1426425,46869,0.0002471255911180849,100,100,1000,21.651044110023477,,
39,47,4036,4037,1.0,1426425,46833,0.00024711722737533686,100,100,1000,21.648498431289692,,
39,48,4038,4039,1.0,1426425,46828,0.00024720683823655653,100,100,1000,21.64994782066774,,
39,49,4040,4041,1.0,1426425,46816,0.0002472268860158334,100,100,1000,21.677030066192824,,
40,0,4042,4043,1.0,1581580,50545,0.00023149702537395172,100,100,1000,22.253785124266077,,
40,1,4044,4045,1.0,1581580,50549,0.00023129836673840536,100,100,1000,22.2481956064697,,
40,2,4046,4047,1.0,1581580,50563,0.00023180552940233685,100,100,1000,22.234977162801584,,
40,3,4048,4049,1.0,1581580,50599,0.00023140020381353442,100,100,1000,22.234125655439314,,
40,4,4050,4051,1.0,1581580,50540,0.00023154322387245328,100,100,1000,22.247897298711376,,
40,5,4052,4053,1.0,1581580,50567,0.00023156624367461494,100,100,1000,22.23875859683775,,
40,6,4054,4055,1.0,1581580,50512,0.00023157495493107913,100,100,1000,22.263816671053384,,
40,7,4056,4057,1.0,1581580,50507,0.00023139631889583094,100,100,1000,22.27077126465089,,
40,8,4058,4059,1.0,1581580,50566,0.00023164920100870738,100,100,1000,22.240687585225864,,
40,9,4060,4061,1.0,1581580,50560,0.00023148763493366882,100,100,1000,22.249798834260183,,
40,10,4062,4063,1.0,1581580,50530,0.0002313642351824907,100,100,1000,22.264260378327236,,
40,11,4064,4065,1.0,1581580,50561,0.00023152685936450376,100,100,1000,22.247621868251212,,
40,12,4066,4067,1.0,1581580,50545,0.00023144223479984826,100,100,1000,22.243745142439963,,
40,13,4068,4069,1.0,1581580,50552,0.0002315250046145524,100,100,1000,22.258479405238397,,
40,14,4070,4071,1.0,1581580,50558,0.0002312134330225949,100,100,1000,22.26340681170687,,
40,15,4072,4073,1.0,1581580,50531,0.00023162152942414336,100,100,1000,22.25004270561547,,
40,16,4074,4075,1.0,1581580,50562,0.00023145165375709377,100,100,1000,22.255221114891885,,
40,17,4076,4077,1.0,1581580,50504,0.00023141215413935998,100,100,1000,22.27957062848019,,
40,18,4078,4079,1.0,1581580,50560,0.00023146169987122746,100,100,1000,22.249184460948353,,
40,19,4080,4081,1.0,1581580,50571,0.00023149298928139427,100,100,1000,22.233488913478016,,
40,20,4082,4083,1.0,1581580,50558,0.00023179601875327634,100,100,1000,22.258076277799148,,
40,21,4084,4085,1.0,1581580,50580,0.00023150422611536243,100,100,1000,22.26229440446816,,
40,22,4086,4087,1.0,1581580,50549,0.0002314771725562308,100,100,1000,22.250572787120923,,
40,23,4088,4089,1.0,1581580,50525,0.00023165869129100804,100,100,1000,22.262596548912676,,
40,24,4090,4091,1.0,1581580,50552,0.00023126164004356995,100,100,1000,22.264963104343508,,
40,25,4092,4093,1.0,1581580,50564,0.00023166824288692035,100,100,1000,22.235173235813765,,
40,26,4094,4095,1.0,1581580,50597,0.00023138618895579782,100,100,1000,22.228954093691733,,
40,27,4096,4097,1.0,1581580,50519,0.00023111100487587216,100,100,1000,22.27618746449288,,
40,28,4098,4099,1.0,1581580,50548,0.0002316941771199653,100,100,1000,22.2480500778175,,
40,29,4100,4101,1.0,1581580,50554,0.0002313510218035662,100,100,1000,22.247921416830575,,
40,30,4102,4103,1.0,1581580,50525,0.00023145771984498211,100,100,1000,22.257737943691737,,
40,31,4104,4105,1.0,1581580,50567,0.00023160499731354365,100,100,1000,22.245461388283363,,
40,32,4106,4107,1.0,1581580,50532,0.00023146104867805434,100,100,1000,22.237187325902152,,
40,33,4108,4109,1.0,1581580,50519,0.00023128762714242623,100,100,1000,22.269254702876154,,
40,34,4110,4111,1.0,1581580,50612,0.0002316494768994604,100,100,1000,22.22694988603944,,
40,35,4112,4113,1.0,1581580,50590,0.00023110688098217213,100,100,1000,22.225272103002943,,
40,36,4114,4115,1.0,1581580,50582,0.00023149310944364112,100,100,1000,22.236985434224348,,
40,37,4116,4117,1.0,1581580,50562,0.00023163554909311709,100,100,1000,22.25239475647686,,
40,38,4118,4119,1.0,1581580,50503,0.00023157937058772903,100,100,1000,22.265668454378815,,
40,39,4120,4121,1.0,1581580,50572,0.00023140832154385023,100,100,1000,22.249147881802468,,
40,40,4122,4123,1.0,1581580,50545,0.0002314986538413615,100,100,1000,22.23928455387901,,
40,41,4124,4125,1.0,1581580,50525,0.00023139393334688512,100,100,1000,22.265576532087522,,
40,42,4126,4127,1.0,1581580,50574,0.00023150975027172726,100,100,1000,22.236446430304653,,
40,43,4128,4129,1.0,1581580,50589,0.0002316719639706039,100,100,1000,22.226733548097826,,
40,44,4130,4131,1.0,1581580,50567,0.00023131132617171198,100,100,1000,22.229367297147963,,
40,45,4132,4133,1.0,1581580,50576,0.00023179081378256366,100,100,1000,22.244360575452237,,
40,46,4134,4135,1.0,1581580,50565,0.0002314507309636212,100,100,1000,22.251827822272414,,
40,47,4136,4137,1.0,1581580,50540,0.00023163368148729018,100,100,1000,22.25522998954369,,
40,48,4138,4139,1.0,1581580,50568,0.00023154566478790362,100,100,1000,22.239537265157075,,
40,49,4140,4141,1.0,1581580,50572,0.00023137660949611193,100,100,1000,22.23172844478663,,
41,0,4142,4143,1.0,1749060,54140,0.0002171833927813899,100,100,1000,22.960178175824996,,
41,1,4144,4145,1.0,1749060,54092,0.00021707713304862895,100,100,1000,22.987724606046275,,
41,2,4146,4147,1.0,1749060,54168,0.00021720857818799042,100,100,1000,22.947792154661084,,
41,3,4148,4149,1.0,1749060,54127,0.0002172207687423795,100,100,1000,22.972554161768866,,
41,4,4150,4151,1.0,1749060,54086,0.00021712642955770657,100,100,1000,22.991515923506636,,
41,5,4152,4153,1.0,1749060,54149,0.00021746697200048992,100,100,1000,22.96774742349522,,
41,6,4154,4155,1.0,1749060,54100,0.00021742800198745562,100,100,1000,22.989271210687637,,
41,7,4156,4157,1.0,1749060,54156,0.00021709014006247832,100,100,1000,22.978665043480422,,
41,8,4158,4159,1.0,1749060,54107,0.00021732553875777262,100,100,1000,22.96423164486455,,
41,9,4160,4161,1.0,1749060,54186,0.00021716483902360506,100,100,1000,22.94320493666645,,
41,10,4162,4163,1.0,1749060,54101,0.00021717005837175698,100,100,1000,22.97772515714877,,
41,11,4164,4165,1.0,1749060,54103,0.0002173383570634237,100,100,1000,22.985697436195043,,
41,12,4166,4167,1.0,1749060,54071,0.00021727326286564793,100,100,1000,22.99005255587477,,
41,13,4168,4169,1.0,1749060,54115,0.00021714406622484346,100,100,1000,22.971958484218252,,
41,14,4170,4171,1.0,1749060,54140,0.00021724992856253297,100,100,1000,22.973690148743756,,
41,15,4172,4173,1.0,1749060,54155,0.00021729359416523694,100,100,1000,22.972294643723814,,
41,16,4174,4175,1.0,1749060,54172,0.0002174393067573698,100,100,1000,22.950080638894306,,
41,17,4176,4177,1.0,1749060,54151,0.00021726397014182157,100,100,1000,22.964800015188366,,
41,18,4178,4179,1.0,1749060,54106,0.00021730336561177243,100,100,1000,23.002135841086307,,
41,19,4180,4181,1.0,1749060,54119,0.00021734278836997676,100,100,1000,22.976726738542308,,
41,20,4182,4183,1.0,1749060,54156,0.00021703185814905007,100,100,1000,22.970319308552295,,
41,21,4184,4185,1.0,1749060,54148,0.0002172584939165299,100,100,1000,22.983419465651362,,
41,22,4186,4187,1.0,1749060,54149,0.00021745198201326475,100,100,1000,22.973936506545147,,
41,23,4188,4189,1.0,1749060,54137,0.0002170592418035475,100,100,1000,22.97947957340426,,
41,24,4190,4191,1.0,1749060,54117,0.00021706573645743988,100,100,1000,22.984769639526107,,
41,25,4192,4193,1.0,1749060,54132,0.00021731713927901851,100,100,1000,22.969296388029946,,
41,26,4194,4195,1.0,1749060,54172,0.0002170124614046154,100,100,1000,22.95594213253227,,
41,27,4196,4197,1.0,1749060,54132,0.0002170627320615629,100,100,1000,22.972406529073695,,
41,28,4198,4199,1.0,1749060,54121,0.00021717207449976176,100,100,1000,22.990532285092584,,
41,29,4200,4201,1.0,1749060,54121,0.00021748731023552966,100,100,1000,22.963826527729562,,
41,30,4202,4203,1.0,1749060,54129,0.00021732377740451005,100,100,1000,22.97740659648949,,
41,31,4204,4205,1.0,1749060,54111,0.0002172469863854454,100,100,1000,22.98433815689443,,
41,32,4206,4207,1.0,1749060,54108,0.0002171467844028902,100,100,1000,22.97841053917655,,
41,33,4208,4209,1.0,1749060,54097,0.0002172404934853416,100,100,1000,22.96578790387801,,
41,34,4210,4211,1.0,1749060,54116,0.0002174105200158053,100,100,1000,22.988426385963688,,
41,35,4212,4213,1.0,1749060,54145,0.00021734871931315374,100,100,1000,22.980864830944256,,
41,36,4214,4215,1.0,1749060,54142,0.00021722219538733534,100,100,1000,22.968598759130746,,
41,37,4216,4217,1.0,1749060,54139,0.00021717516588241648,100,100,1000,22.970364556684977,,
41,38,4218,4219,1.0,1749060,54127,0.00021726958437712286,100,100,1000,22.97846523563519,,
41,39,4220,4221,1.0,1749060,54117,0.00021732283569048254,100,100,1000,22.98160699285541,,
41,40,4222,4223,1.0,1749060,54105,0.00021719540612924967,100,100,1000,22.989289110505183,,
41,41,4224,4225,1.0,1749060,54065,0.00021731897435045683,100,100,1000,23.00146968763525,,
41,42,4226,4227,1.0,1749060,54089,0.00021725622039799422,100,100,1000,22.974480091062915,,
41,43,4228,4229,1.0,1749060,54120,0.0002171626337143398,100,100,1000,22.97785949179626,,
41,44,4230,4231,1.0,1749060,54159,0.00021725371552449595,100,100,1000,22.96710725996001,,
41,45,4232,4233,1.0,1749060,54180,0.00021731060176773028,100,100,1000,22.944730569328573,,
41,46,4234,4235,1.0,1749060,54152,0.000217282628134597,100,100,1000,22.962582541245396,,
41,47,4236,4237,1.0,1749060,54136,0.00021740422961438247,100,100,1000,22.952714639433264,,
41,48,4238,4239,1.0,1749060,54107,0.00021737717526284454,100,100,1000,22.99899560526022,,
41,49,4240,4241,1.0,1749060,54136,0.00021729598082570023,100,100,1000,22.970676383462237,,
42,0,4242,4243,1.0,1929501,57676,0.0002040475412639965,100,100,1000,23.780418447973602,,
42,1,4244,4245,1.0,1929501,57656,0.00020423926039741524,100,100,1000,23.772409971729026,,
42,2,4246,4247,1.0,1929501,57698,0.0002040693542171374,100,100,1000,23.761437885935088,,
42,3,4248,4249,1.0,1929501,57688,0.00020409337673141188,100,100,1000,23.76190512493915,,
42,4,4250,4251,1.0,1929501,57670,0.00020427298755617407,100,100,1000,23.788550860004047,,
42,5,4252,4253,1.0,1929501,57675,0.00020394144389553108,100,100,1000,23.77773501937148,,
42,6,4254,4255,1.0,1929501,57679,0.0002041107222519844,100,100,1000,23.774236413106838,,
42,7,4256,4257,1.0,1929501,57687,0.00020432019671907427,100,100,1000,23.778426496465208,,
42,8,4258,4259,1.0,1929501,57685,0.00020418189538491793,100,100,1000,23.76435300278997,,
42,9,4260,4261,1.0,1929501,57686,0.0002042716394480606,100,100,1000,23.775737274684005,,
42,10,4262,4263,1.0,1929501,57693,0.00020433576355136728,100,100,1000,23.759925208531104,,
42,11,4264,4265,1.0,1929501,57684,0.0002040287423539056,100,100,1000,23.76376044959639,,
42,12,4266,4267,1.0,1929501,57685,0.00020417525284260229,100,100,1000,23.77947476520396,,
42,13,4268,4269,1.0,1929501,57693,0.000204154180344822,100,100,1000,23.77004371609363,,
42,14,4270,4271,1.0,1929501,57683,0.0002042212108271287,100,100,1000,23.774500730612555,,
42,15,4272,4273,1.0,1929501,57670,0.00020427441077529486,100,100,1000,23.772751592401892,,
42,16,4274,4275,1.0,1929501,57698,0.00020392918373058944,100,100,1000,23.769206430058173,,
42,17,4276,4277,1.0,1929501,57687,0.00020412448112229177,100,100,1000,23.770652431823244,,
42,18,4278,4279,1.0,1929501,57695,0.00020401805119896676,100,100,1000,23.775472945132915,,
42,19,4280,4281,1.0,1929501,57678,0.00020419827752691093,100,100,1000,23.78106481540369,,
42,20,4282,4283,1.0,1929501,57687,0.00020419222495554368,100,100,1000,23.772422647219248,,
42,21,4284,4285,1.0,1929501,57699,0.00020421410424157819,100,100,1000,23.759749729451524,,
42,22,4286,4287,1.0,1929501,57706,0.0002042169025064682,100,100,1000,23.75507509131746,,
42,23,4288,4289,1.0,1929501,57665,0.00020430892527440605,100,100,1000,23.787688039093723,,
42,24,4290,4291,1.0,1929501,57706,0.0002042238109280236,100,100,1000,23.7585419891812,,
42,25,4292,4293,1.0,1929501,57654,0.00020423941068080286,100,100,1000,23.7700437986199,,
42,26,4294,4295,1.0,1929501,57670,0.00020402585837079468,100,100,1000,23.788105679466323,,
42,27,4296,4297,1.0,1929501,57701,0.0002040509702100549,100,100,1000,23.765484291673424,,
42,28,4298,4299,1.0,1929501,57680,0.00020436309668918836,100,100,1000,23.768817522802312,,
42,29,4300,4301,1.0,1929501,57679,0.0002041848161017468,100,100,1000,23.776870872393257,,
42,30,4302,4303,1.0,1929501,57685,0.00020414865623253188,100,100,1000,23.76918131358925,,
42,31,4304,4305,1.0,1929501,57697,0.00020424951450086584,100,100,1000,23.75704290065272,,
42,32,4306,4307,1.0,1929501,57677,0.00020421182516288346,100,100,1000,23.77898655488631,,
42,33,4308,4309,1.0,1929501,57664,0.0002043025831305663,100,100,1000,23.77937138219337,,
42,34,4310,4311,1.0,1929501,57718,0.00020422080476887255,100,100,1000,23.75353076692954,,
42,35,4312,4313,1.0,1929501,57683,0.00020397289558419656,100,100,1000,23.780167857949365,,
42,36,4314,4315,1.0,1929501,57669,0.00020416845505248627,100,100,1000,23.774365048211475,,
42,37,4316,4317,1.0,1929501,57688,0.00020416400538803716,100,100,1000,23.777688301594768,,
42,38,4318,4319,1.0,1929501,57691,0.0002041965042244282,100,100,1000,23.767410405358348,,
42,39,4320,4321,1.0,1929501,57702,0.00020425554423440033,100,100,1000,23.7534153607845,,
42,40,4322,4323,1.0,1929501,57680,0.0002040218526000197,100,100,1000,23.76551110680742,,
42,41,4324,4325,1.0,1929501,57672,0.00020409132247166075,100,100,1000,23.76532740034708,,
42,42,4326,4327,1.0,1929501,57676,0.00020401943954550392,100,100,1000,23.773547751677743,,
42,43,4328,4329,1.0,1929501,57656,0.00020442825519551908,100,100,1000,23.782797205270377,,
42,44,4330,4331,1.0,1929501,57705,0.00020424899635781028,100,100,1000,23.75957311808328,,
42,45,4332,4333,1.0,1929501,57691,0.00020416791500905968,100,100,1000,23.770385255865296,,
42,46,4334,4335,1.0,1929501,57705,0.0002039686501983679,100,100,1000,23.759758283004004,,
42,47,4336,4337,1.0,1929501,57692,0.00020416405730620433,100,100,1000,23.7779735560232,,
42,48,4338,4339,1.0,1929501,57688,0.00020404236151054446,100,100,1000,23.765285042245992,,
42,49,4340,4341,1.0,1929501,57680,0.0002043971740625246,100,100,1000,23.76353426414397,,
43,0,4342,4343,1.0,2123555,62530,0.0001921766008015536,100,100,1000,24.130058537185153,,
43,1,4344,4345,1.0,2123555,62557,0.00019228438101921312,100,100,1000,24.1325862585576,,
43,2,4346,4347,1.0,2123555,62535,0.00019212348389614745,100,100,1000,24.140807159369906,,
43,3,4348,4349,1.0,2123555,62493,0.00019208762528380373,100,100,1000,24.155660519485764,,
43,4,4350,4351,1.0,2123555,62537,0.00019208339092405808,100,100,1000,24.144215576871385,,
43,5,4352,4353,1.0,2123555,62540,0.00019212203556533792,100,100,1000,24.13935432078299,,
43,6,4354,4355,1.0,2123555,62536,0.0001922495487768118,100,100,1000,24.13626999933183,,
43,7,4356,4357,1.0,2123555,62519,0.0001921337731183938,100,100,1000,24.14753090864565,,
43,8,4358,4359,1.0,2123555,62543,0.00019207736179536566,100,100,1000,24.15078859603179,,
43,9,4360,4361,1.0,2123555,62512,0.00019234846296705346,100,100,1000,24.146201910877416,,
43,10,4362,4363,1.0,2123555,62516,0.0001921778140474631,100,100,1000,24.142164504637336,,
43,11,4364,4365,1.0,2123555,62491,0.00019207747280398246,100,100,1000,24.13618486665615,,
43,12,4366,4367,1.0,2123555,62548,0.00019214420862607786,100,100,1000,24.134653042055643,,
43,13,4368,4369,1.0,2123555,62530,0.00019211965492434607,100,100,1000,24.150306059911244,,
43,14,4370,4371,1.0,2123555,62533,0.0001922453727462094,100,100,1000,24.139954793273922,,
43,15,4372,4373,1.0,2123555,62501,0.00019222302817521866,100,100,1000,24.135909199188117,,
43,16,4374,4375,1.0,2123555,62515,0.00019196831364972334,100,100,1000,24.14924314681735,,
43,17,4376,4377,1.0,2123555,62534,0.00019206302541562964,100,100,1000,24.15704813671353,,
43,18,4378,4379,1.0,2123555,62529,0.0001922751146550081,100,100,1000,24.137938152688506,,
43,19,4380,4381,1.0,2123555,62496,0.00019220827119022636,100,100,1000,24.161428270095524,,
43,20,4382,4383,1.0,2123555,62505,0.00019225497450687994,100,100,1000,24.148569945629266,,
43,21,4384,4385,1.0,2123555,62522,0.00019207522235078822,100,100,1000,24.154241791628507,,
43,22,4386,4387,1.0,2123555,62520,0.00019213858205562723,100,100,1000,24.1524664999651,,
43,23,4388,4389,1.0,2123555,62521,0.00019211002017668468,100,100,1000,24.150688454524456,,
43,24,4390,4391,1.0,2123555,62542,0.00019225917513623387,100,100,1000,24.147416986040373,,
43,25,4392,4393,1.0,2123555,62523,0.0001922423250490161,100,100,1000,24.156773255153837,,
43,26,4394,4395,1.0,2123555,62523,0.00019207388899125576,100,100,1000,24.14603358675397,,
43,27,4396,4397,1.0,2123555,62528,0.0001922183235056639,100,100,1000,24.151063131774944,,
43,28,4398,4399,1.0,2123555,62531,0.00019216587557648366,100,100,1000,24.15664856354772,,
43,29,4400,4401,1.0,2123555,62498,0.0001924104779100247,100,100,1000,24.151463798690695,,
43,30,4402,4403,1.0,2123555,62522,0.0001922381842930268,100,100,1000,24.15433489247235,,
43,31,4404,4405,1.0,2123555,62512,0.0001922876023054725,100,100,1000,24.153489022073934,,
43,32,4406,4407,1.0,2123555,62552,0.00019211232083603288,100,100,1000,24.144211708806516,,
43,33,4408,4409,1.0,2123555,62495,0.0001921163501925657,100,100,1000,24.157566928009302,,
43,34,4410,4411,1.0,2123555,62531,0.00019205368827490425,100,100,1000,24.147851930614486,,
43,35,4412,4413,1.0,2123555,62543,0.00019222938686947524,100,100,1000,24.138253239027645,,
43,36,4414,4415,1.0,2123555,62534,0.00019227395566871275,100,100,1000,24.133043769427914,,
43,37,4416,4417,1.0,2123555,62522,0.0001920385008497229,100,100,1000,24.151534514510978,,
43,38,4418,4419,1.0,2123555,62533,0.0001922837211840787,100,100,1000,24.14411389365976,,
43,39,4420,4421,1.0,2123555,62550,0.00019210797743069244,100,100,1000,24.139980830776675,,
43,40,4422,4423,1.0,2123555,62528,0.00019213699679419493,100,100,1000,24.164238458208278,,
43,41,4424,4425,1.0,2123555,62526,0.0001921297876566617,100,100,1000,24.140956650484362,,
43,42,4426,4427,1.0,2123555,62554,0.00019210225757016155,100,100,1000,24.132709532250743,,
43,43,4428,4429,1.0,2123555,62504,0.0001921215372123343,100,100,1000,24.143743470033275,,
43,44,4430,4431,1.0,2123555,62532,0.00019230893479659593,100,100,1000,24.138546272426016,,
43,45,4432,4433,1.0,2123555,62537,0.00019219495597783189,100,100,1000,24.146639072086412,,
43,46,4434,4435,1.0,2123555,62524,0.00019223531811943,100,100,1000,24.13217937540675,,
43,47,4436,4437,1.0,2123555,62524,0.00019221419489631118,100,100,1000,24.15618900679073,,
43,48,4438,4439,1.0,2123555,62523,0.00019206629101833865,100,100,1000,24.15041922460197,,
43,49,4440,4441,1.0,2123555,62532,0.00019218708307448107,100,100,1000,24.1549550136253,,
44,0,4442,4443,1.0,2331890,67375,0.00018116981765866494,100,100,1000,24.621473737549177,,
44,1,4444,4445,1.0,2331890,67389,0.0001811872474270463,100,100,1000,24.600723131645548,,
44,2,4446,4447,1.0,2331890,67370,0.00018106146294291297,100,100,1000,24.623362824785055,,
44,3,4448,4449,1.0,2331890,67360,0.00018113280634463567,100,100,1000,24.634449068125953,,
44,4,4450,4451,1.0,2331890,67360,0.00018115310943199684,100,100,1000,24.609645201994955,,
44,5,4452,4453,1.0,2331890,67375,0.00018116859037690087,100,100,1000,24.619146468476263,,
44,6,4454,4455,1.0,2331890,67343,0.00018120299386950782,100,100,1000,24.631572253658028,,
44,7,4456,4457,1.0,2331890,67364,0.00018119728582367448,100,100,1000,24.61783069679894,,
44,8,4458,4459,1.0,2331890,67380,0.0001809600966129012,100,100,1000,24.615146293727182,,
44,9,4460,4461,1.0,2331890,67381,0.0001808802406674821,100,100,1000,24.622190025706367,,
44,10,4462,4463,1.0,2331890,67419,0.00018112881403452072,100,100,1000,24.600611120595325,,
44,11,4464,4465,1.0,2331890,67373,0.0001810730296659545,100,100,1000,24.61680910801651,,
44,12,4466,4467,1.0,2331890,67406,0.00018108287823962095,100,100,1000,24.60677751994575,,
44,13,4468,4469,1.0,2331890,67423,0.0001812705803603866,100,100,1000,24.603085788947503,,
44,14,4470,4471,1.0,2331890,67384,0.00018115924468004838,100,100,1000,24.605895438050432,,
44,15,4472,4473,1.0,2331890,67336,0.00018115838939616836,100,100,1000,24.63764854320849,,
44,16,4474,4475,1.0,2331890,67363,0.00018109554014904692,100,100,1000,24.610846534970687,,
44,17,4476,4477,1.0,2331890,67348,0.00018118546494861015,100,100,1000,24.630070805267682,,
44,18,4478,4479,1.0,2331890,67409,0.0001811214548759471,100,100,1000,24.623960038379064,,
44,19,4480,4481,1.0,2331890,67334,0.00018106922757705763,100,100,1000,24.62723023816964,,
44,20,4482,4483,1.0,2331890,67387,0.00018115349683794736,100,100,1000,24.60619105677898,,
44,21,4484,4485,1.0,2331890,67386,0.00018110262787480593,100,100,1000,24.6237504498724,,
44,22,4486,4487,1.0,2331890,67374,0.0001810526816476509,100,100,1000,24.612699401506983,,
44,23,4488,4489,1.0,2331890,67383,0.00018100732245922088,100,100,1000,24.6201452758053,,
44,24,4490,4491,1.0,2331890,67380,0.00018123500559770591,100,100,1000,24.612182780022966,,
44,25,4492,4493,1.0,2331890,67383,0.00018125845775037317,100,100,1000,24.595434556661115,,
44,26,4494,4495,1.0,2331890,67420,0.0001811212306875708,100,100,1000,24.606123935941085,,
44,27,4496,4497,1.0,2331890,67373,0.00018107094389366071,100,100,1000,24.61447791422519,,
44,28,4498,4499,1.0,2331890,67382,0.0001812677678645137,100,100,1000,24.611337845804094,,
44,29,4500,4501,1.0,2331890,67363,0.00018101146744452243,100,100,1000,24.620625433899313,,
44,30,4502,4503,1.0,2331890,67384,0.00018110564675665058,100,100,1000,24.615243891291417,,
44,31,4504,4505,1.0,2331890,67369,0.00018104026998159184,100,100,1000,24.629393569651338,,
44,32,4506,4507,1.0,2331890,67358,0.00018122158468261937,100,100,1000,24.62054280879271,,
44,33,4508,4509,1.0,2331890,67376,0.00018104897118069837,100,100,1000,24.61413585274021,,
44,34,4510,4511,1.0,2331890,67415,0.00018114424935031535,100,100,1000,24.594934628211593,,
44,35,4512,4513,1.0,2331890,67407,0.00018107359914942527,100,100,1000,24.604503212501726,,
44,36,4514,4515,1.0,2331890,67346,0.0001812190047946029,100,100,1000,24.62990532827286,,
44,37,4516,4517,1.0,2331890,67426,0.00018119917635029377,100,100,1000,24.58532511456434,,
44,38,4518,4519,1.0,2331890,67358,0.0001811141725032445,100,100,1000,24.626807950849102,,
44,39,4520,4521,1.0,2331890,67378,0.0001812043626304049,100,100,1000,24.60800895602511,,
44,40,4522,4523,1.0,2331890,67379,0.00018126602097050124,100,100,1000,24.611772326289845,,
44,41,4524,4525,1.0,2331890,67342,0.00018105203156507858,100,100,1000,24.64041832006657,,
44,42,4526,4527,1.0,2331890,67352,0.00018132920910348636,100,100,1000,24.611351441269196,,
44,43,4528,4529,1.0,2331890,67398,0.00018115627063731415,100,100,1000,24.595844152451463,,
44,44,4530,4531,1.0,2331890,67394,0.00018128452219465919,100,100,1000,24.600859951540343,,
44,45,4532,4533,1.0,2331890,67363,0.00018111096822218914,100,100,1000,24.618033005694194,,
44,46,4534,4535,1.0,2331890,67361,0.00018108906928649953,100,100,1000,24.619728939505013,,
44,47,4536,4537,1.0,2331890,67390,0.00018118307760152898,100,100,1000,24.600953666408902,,
44,48,4538,4539,1.0,2331890,67392,0.00018104433004066325,100,100,1000,24.611379888240904,,
44,49,4540,4541,1.0,2331890,67358,0.00018096748001904866,100,100,1000,24.63143331126096,,
45,0,4542,4543,1.0,2555190,72214,0.00017094040847572198,100,100,1000,25.169032848512938,,
45,1,4544,4545,1.0,2555190,72180,0.00017093609982401687,100,100,1000,25.190310711526642,,
45,2,4546,4547,1.0,2555190,72172,0.00017106416546750595,100,100,1000,25.20104593591057,,
45,3,4548,4549,1.0,2555190,72138,0.00017095399280115363,100,100,1000,25.201494427723272,,
45,4,4550,4551,1.0,2555190,72144,0.00017092971093249904,100,100,1000,25.206098955127473,,
45,5,4552,4553,1.0,2555190,72116,0.00017093293917752272,100,100,1000,25.210207218612577,,
45,6,4554,4555,1.0,2555190,72154,0.0001710189612838351,100,100,1000,25.197733508576487,,
45,7,4556,4557,1.0,2555190,72165,0.0001708987815236938,100,100,1000,25.180910389867428,,
45,8,4558,4559,1.0,2555190,72172,0.00017101899252717416,100,100,1000,25.17982276214447,,
45,9,4560,4561,1.0,2555190,72140,0.0001708941743567383,100,100,1000,25.192833297831097,,
45,10,4562,4563,1.0,2555190,72216,0.00017083528111915493,100,100,1000,25.179692008751797,,
45,11,4564,4565,1.0,2555190,72141,0.0001709569642917579,100,100,1000,25.20718140835738,,
45,12,4566,4567,1.0,2555190,72201,0.00017096400236411974,100,100,1000,25.172546992458678,,
45,13,4568,4569,1.0,2555190,72122,0.00017095361179805728,100,100,1000,25.220863077761145,,
45,14,4570,4571,1.0,2555190,72174,0.00017115359086071206,100,100,1000,25.182373807496838,,
45,15,4572,4573,1.0,2555190,72151,0.00017086881913622382,100,100,1000,25.2043819245233,,
45,16,4574,4575,1.0,2555190,72094,0.00017103771770155373,100,100,1000,25.2228099533779,,
45,17,4576,4577,1.0,2555190,72197,0.00017100919226026084,100,100,1000,25.17600393481281,,
45,18,4578,4579,1.0,2555190,72157,0.00017080378567117116,100,100,1000,25.18909195577212,,
45,19,4580,4581,1.0,2555190,72156,0.0001710269344438173,100,100,1000,25.196322936106064,,
45,20,4582,4583,1.0,2555190,72099,0.00017084832892070852,100,100,1000,25.205928754635643,,
45,21,4584,4585,1.0,2555190,72110,0.00017100255690595797,100,100,1000,25.208444550196393,,
45,22,4586,4587,1.0,2555190,72145,0.00017101972303175007,100,100,1000,25.18983443905033,,
45,23,4588,4589,1.0,2555190,72150,0.0001709152886604527,100,100,1000,25.190183634974076,,
45,24,4590,4591,1.0,2555190,72146,0.00017101539613672051,100,100,1000,25.19087852945161,,
45,25,4592,4593,1.0,2555190,72186,0.00017081917048668895,100,100,1000,25.177569035038868,,
45,26,4594,4595,1.0,2555190,72136,0.00017095971675273815,100,100,1000,25.20138972683708,,
45,27,4596,4597,1.0,2555190,72129,0.00017093265479954244,100,100,1000,25.190930762690908,,
45,28,4598,4599,1.0,2555190,72137,0.0001709693651071609,100,100,1000,25.196916975934524,,
45,29,4600,4601,1.0,2555190,72151,0.00017084352141611778,100,100,1000,25.19209010526257,,
45,30,4602,4603,1.0,2555190,72147,0.00017111169042360853,100,100,1000,25.186557505275964,,
45,31,4604,4605,1.0,2555190,72126,0.00017091622109961912,100,100,1000,25.195128093398715,,
45,32,4606,4607,1.0,2555190,72088,0.00017097299390809678,100,100,1000,25.222321784553014,,
45,33,4608,4609,1.0,2555190,72168,0.00017091590381358406,100,100,1000,25.182011780627175,,
45,34,4610,4611,1.0,2555190,72190,0.00017090708223893225,100,100,1000,25.174537803796017,,
45,35,4612,4613,1.0,2555190,72187,0.00017085260783880892,100,100,1000,25.169594343213873,,
45,36,4614,4615,1.0,2555190,72125,0.00017077696851700266,100,100,1000,25.20117573826016,,
45,37,4616,4617,1.0,2555190,72187,0.00017088559699365784,100,100,1000,25.17650425351193,,
45,38,4618,4619,1.0,2555190,72125,0.00017087135461825342,100,100,1000,25.20851102413077,,
45,39,4620,4621,1.0,2555190,72230,0.0001708469563642051,100,100,1000,25.162617488854412,,
45,40,4622,4623,1.0,2555190,72161,0.00017088102177077952,100,100,1000,25.192809376615873,,
45,41,4624,4625,1.0,2555190,72176,0.00017091237002316923,100,100,1000,25.175775103002284,,
45,42,4626,4627,1.0,2555190,72206,0.00017106717624837278,100,100,1000,25.16921459800378,,
45,43,4628,4629,1.0,2555190,72122,0.00017091467496901022,100,100,1000,25.204319695136636,,
45,44,4630,4631,1.0,2555190,72187,0.00017108987841069856,100,100,1000,25.173750097274862,,
45,45,4632,4633,1.0,2555190,72123,0.0001710693613461849,100,100,1000,25.203427522470484,,
45,46,4634,4635,1.0,2555190,72168,0.00017099103281945755,100,100,1000,25.197206231497727,,
45,47,4636,4637,1.0,2555190,72165,0.00017084583502582383,100,100,1000,25.19896748676098,,
45,48,4638,4639,1.0,2555190,72074,0.00017108611544318746,100,100,1000,25.214144451171983,,
45,49,4640,4641,1.0,2555190,72106,0.00017093886741180857,100,100,1000,25.205660119690148,,
46,0,4642,4643,1.0,2794155,76723,0.0001614640721470305,100,100,1000,25.906279062297575,,
46,1,4644,4645,1.0,2794155,76817,0.00016163955775380716,100,100,1000,25.85663476072623,,
46,2,4646,4647,1.0,2794155,76724,0.00016145057953248544,100,100,1000,25.897855230108746,,
46,3,4648,4649,1.0,2794155,76748,0.0001616576195521837,100,100,1000,25.892728813110395,,
46,4,4650,4651,1.0,2794155,76822,0.00016154655840699516,100,100,1000,25.871122042535305,,
46,5,4652,4653,1.0,2794155,76766,0.00016150528906721916,100,100,1000,25.8840799822158,,
46,6,4654,4655,1.0,2794155,76792,0.00016156765417009038,100,100,1000,25.880248690179425,,
46,7,4656,4657,1.0,2794155,76708,0.00016156365091507478,100,100,1000,25.905096530055065,,
46,8,4658,4659,1.0,2794155,76750,0.00016150134685300342,100,100,1000,25.886406582311356,,
46,9,4660,4661,1.0,2794155,76758,0.00016162791580465993,100,100,1000,25.89421843734449,,
46,10,4662,4663,1.0,2794155,76760,0.00016157454416477872,100,100,1000,25.895557823015476,,
46,11,4664,4665,1.0,2794155,76718,0.0001614669793777912,100,100,1000,25.9065568589972,,
46,12,4666,4667,1.0,2794155,76775,0.00016148596550542645,100,100,1000,25.892808827340758,,
46,13,4668,4669,1.0,2794155,76763,0.00016159120725763924,100,100,1000,25.91513518488829,,
46,14,4670,4671,1.0,2794155,76712,0.0001615037349000442,100,100,1000,25.916026777725737,,
46,15,4672,4673,1.0,2794155,76737,0.00016152684260984198,100,100,1000,25.899179087988095,,
46,16,4674,4675,1.0,2794155,76722,0.00016147029949274024,100,100,1000,25.905895249227946,,
46,17,4676,4677,1.0,2794155,76804,0.00016171105121901054,100,100,1000,25.879615637347896,,
46,18,4678,4679,1.0,2794155,76753,0.0001615281858137566,100,100,1000,25.89366379648729,,
46,19,4680,4681,1.0,2794155,76737,0.00016148974761354454,100,100,1000,25.902286081887958,,
46,20,4682,4683,1.0,2794155,76755,0.00016162900534544454,100,100,1000,25.902688513017402,,
46,21,4684,4685,1.0,2794155,76765,0.00016150868401095387,100,100,1000,25.890745245956033,,
46,22,4686,4687,1.0,2794155,76733,0.00016153999788857054,100,100,1000,25.904581784775882,,
46,23,4688,4689,1.0,2794155,76789,0.00016158974680733308,100,100,1000,25.890831110860184,,
46,24,4690,4691,1.0,2794155,76785,0.00016161973830061848,100,100,1000,25.877121609663796,,
46,25,4692,4693,1.0,2794155,76746,0.00016172103284740948,100,100,1000,25.88574318751522,,
46,26,4694,4695,1.0,2794155,76751,0.00016156439296963781,100,100,1000,25.886349322823616,,
46,27,4696,4697,1.0,2794155,76796,0.0001615703387320523,100,100,1000,25.876880317460678,,
46,28,4698,4699,1.0,2794155,76748,0.0001615976810327602,100,100,1000,25.890205409485805,,
46,29,4700,4701,1.0,2794155,76766,0.0001615265312958548,100,100,1000,25.893301183093115,,
46,30,4702,4703,1.0,2794155,76770,0.00016162332413210005,100,100,1000,25.87906008323217,,
46,31,4704,4705,1.0,2794155,76801,0.00016161280589020277,100,100,1000,25.891609246804734,,
46,32,4706,4707,1.0,2794155,76777,0.00016152627632529313,100,100,1000,25.88687950618551,,
46,33,4708,4709,1.0,2794155,76695,0.00016157952956405333,100,100,1000,25.913765386441607,,
46,34,4710,4711,1.0,2794155,76725,0.00016156378363110153,100,100,1000,25.898479734368397,,
46,35,4712,4713,1.0,2794155,76775,0.00016163503055659754,100,100,1000,25.887100147504352,,
46,36,4714,4715,1.0,2794155,76745,0.0001615012692504001,100,100,1000,25.907091700399278,,
46,37,4716,4717,1.0,2794155,76800,0.0001615028719925761,100,100,1000,25.87706506737223,,
46,38,4718,4719,1.0,2794155,76748,0.00016175225940082832,100,100,1000,25.886483524880482,,
46,39,4720,4721,1.0,2794155,76711,0.0001616412043302139,100,100,1000,25.89863940059839,,
46,40,4722,4723,1.0,2794155,76783,0.00016154949693497164,100,100,1000,25.88696193646597,,
46,41,4724,4725,1.0,2794155,76770,0.00016153847888986645,100,100,1000,25.890239108219497,,
46,42,4726,4727,1.0,2794155,76765,0.00016160933226981662,100,100,1000,25.88964970822322,,
46,43,4728,4729,1.0,2794155,76800,0.00016157009955338177,100,100,1000,25.876941362388354,,
46,44,4730,4731,1.0,2794155,76738,0.00016160755220093916,100,100,1000,25.895601095026706,,
46,45,4732,4733,1.0,2794155,76686,0.000161645392117278,100,100,1000,25.910228699770823,,
46,46,4734,4735,1.0,2794155,76754,0.00016157211715901428,100,100,1000,25.884983017914507,,
46,47,4736,4737,1.0,2794155,76708,0.00016157067671114267,100,100,1000,25.913244829449383,,
46,48,4738,4739,1.0,2794155,76735,0.00016157885872012976,100,100,1000,25.886380674306363,,
46,49,4740,4741,1.0,2794155,76766,0.00016159833654948722,100,100,1000,25.889654366024445,,
47,0,4742,4743,1.0,3049501,81129,0.00015285128171016284,100,100,1000,26.724686461412798,,
47,1,4744,4745,1.0,3049501,81136,0.00015279790754713166,100,100,1000,26.719614234401977,,
47,2,4746,4747,1.0,3049501,81115,0.00015292060269032705,100,100,1000,26.72037045521975,,
47,3,4748,4749,1.0,3049501,81112,0.00015296750280516635,100,100,1000,26.724068453317066,,
47,4,4750,4751,1.0,3049501,81129,0.00015305907929639357,100,100,1000,26.711452415235943,,
47,5,4752,4753,1.0,3049501,81125,0.0001529375302766878,100,100,1000,26.722724735644725,,
47,6,4754,4755,1.0,3049501,81091,0.000152850615757036,100,100,1000,26.72957241030585,,
47,7,4756,4757,1.0,3049501,81124,0.000152975712804289,100,100,1000,26.72559553475118,,
47,8,4758,4759,1.0,3049501,81105,0.00015285317919664686,100,100,1000,26.735380674947315,,
47,9,4760,4761,1.0,3049501,81131,0.00015285202906453922,100,100,1000,26.72595363180269,,
47,10,4762,4763,1.0,3049501,81178,0.0001529513170146005,100,100,1000,26.705920613167144,,
47,11,4764,4765,1.0,3049501,81099,0.00015292350706510807,100,100,1000,26.740153088502677,,
47,12,4766,4767,1.0,3049501,81101,0.00015293142894370708,100,100,1000,26.720852452986556,,
47,13,4768,4769,1.0,3049501,81118,0.0001528625624584986,100,100,1000,26.73443958042955,,
47,14,4770,4771,1.0,3049501,81158,0.00015299622573972416,100,100,1000,26.71052864384834,,
47,15,4772,4773,1.0,3049501,81122,0.00015290702779349537,100,100,1000,26.72426057980057,,
47,16,4774,4775,1.0,3049501,81148,0.00015292385448853276,100,100,1000,26.715866309163925,,
47,17,4776,4777,1.0,3049501,81139,0.00015291549379185335,100,100,1000,26.720479730986206,,
47,18,4778,4779,1.0,3049501,81088,0.0001528983041327444,100,100,1000,26.72207027459791,,
47,19,4780,4781,1.0,3049501,81128,0.00015289554336753966,100,100,1000,26.727618370937186,,
47,20,4782,4783,1.0,3049501,81118,0.0001529183136970309,100,100,1000,26.729878244662697,,
47,21,4784,4785,1.0,3049501,81188,0.0001529251196111803,100,100,1000,26.70760442699393,,
47,22,4786,4787,1.0,3049501,81144,0.00015291353105754317,100,100,1000,26.717363679494753,,
47,23,4788,4789,1.0,3049501,81142,0.00015285928735120463,100,100,1000,26.72102793727271,,
47,24,4790,4791,1.0,3049501,81126,0.00015292482261420535,100,100,1000,26.722509879013025,,
47,25,4792,4793,1.0,3049501,81120,0.00015301039985162664,100,100,1000,26.710176296528612,,
47,26,4794,4795,1.0,3049501,81120,0.00015281602357188753,100,100,1000,26.72196672186781,,
47,27,4796,4797,1.0,3049501,81158,0.0001529245469586824,100,100,1000,26.727865147778438,,
47,28,4798,4799,1.0,3049501,81171,0.0001528503941692618,100,100,1000,26.708754148691696,,
47,29,4800,4801,1.0,3049501,81121,0.0001529415542681593,100,100,1000,26.72390218770746,,
47,30,4802,4803,1.0,3049501,81123,0.00015293903162598592,100,100,1000,26.722352253799407,,
47,31,4804,4805,1.0,3049501,81120,0.0001528498396057067,100,100,1000,26.722833727042772,,
47,32,4806,4807,1.0,3049501,81113,0.00015288001980860483,100,100,1000,26.734869191509173,,
47,33,4808,4809,1.0,3049501,81132,0.00015295838624085074,100,100,1000,26.716688955645843,,
47,34,4810,4811,1.0,3049501,81109,0.0001529252007649246,100,100,1000,26.731721583406813,,
47,35,4812,4813,1.0,3049501,81145,0.00015284719055179183,100,100,1000,26.7177301025109,,
47,36,4814,4815,1.0,3049501,81149,0.00015284566449134664,100,100,1000,26.726086061384994,,
47,37,4816,4817,1.0,3049501,81119,0.00015294237993996655,100,100,1000,26.736817748353527,,
47,38,4818,4819,1.0,3049501,81138,0.0001529113628278986,100,100,1000,26.72256942112241,,
47,39,4820,4821,1.0,3049501,81141,0.00015298617438882595,100,100,1000,26.71495565184184,,
47,40,4822,4823,1.0,3049501,81130,0.00015295681552814763,100,100,1000,26.716035790046725,,
47,41,4824,4825,1.0,3049501,81127,0.0001530131751399521,100,100,1000,26.725640327052805,,
47,42,4826,4827,1.0,3049501,81147,0.00015285694823698556,100,100,1000,26.718245478387328,,
47,43,4828,4829,1.0,3049501,81100,0.00015299486419461633,100,100,1000,26.725445526124293,,
47,44,4830,4831,1.0,3049501,81113,0.00015295536824092517,100,100,1000,26.71706140479176,,
47,45,4832,4833,1.0,3049501,81118,0.00015289627169680543,100,100,1000,26.728598535267622,,
47,46,4834,4835,1.0,3049501,81111,0.00015288192031021262,100,100,1000,26.73230021850564,,
47,47,4836,4837,1.0,3049501,81104,0.0001528795178207234,100,100,1000,26.73478732834505,,
47,48,4838,4839,1.0,3049501,81084,0.00015287738370119448,100,100,1000,26.732463406712544,,
47,49,4840,4841,1.0,3049501,81141,0.000152948006060694,100,100,1000,26.722631789734198,,
48,0,4842,4843,1.0,3321960,87164,0.0001448842013684819,100,100,1000,27.098565533158457,,
48,1,4844,4845,1.0,3321960,87148,0.00014482715356145559,100,100,1000,27.0986091116333,,
48,2,4846,4847,1.0,3321960,87157,0.00014476694875718125,100,100,1000,27.101589608894894,,
48,3,4848,4849,1.0,3321960,87123,0.00014488087706616208,100,100,1000,27.115429732441605,,
48,4,4850,4851,1.0,3321960,87105,0.0001447875871110411,100,100,1000,27.120514305106926,,
48,5,4852,4853,1.0,3321960,87109,0.0001449623943215049,100,100,1000,27.127022449938735,,
48,6,4854,4855,1.0,3321960,87099,0.0001448745198431667,100,100,1000,27.128944126412808,,
48,7,4856,4857,1.0,3321960,87150,0.00014485869311839833,100,100,1000,27.114463920257254,,
48,8,4858,4859,1.0,3321960,87172,0.0001448282776089042,100,100,1000,27.108066059212398,,
48,9,4860,4861,1.0,3321960,87134,0.00014487005360715475,100,100,1000,27.107774102405344,,
48,10,4862,4863,1.0,3321960,87152,0.00014494591874291093,100,100,1000,27.10450073010105,,
48,11,4864,4865,1.0,3321960,87145,0.0001448190923934984,100,100,1000,27.10583832383718,,
48,12,4866,4867,1.0,3321960,87149,0.00014482441444142673,100,100,1000,27.107323105664214,,
48,13,4868,4869,1.0,3321960,87114,0.0001450009018529479,100,100,1000,27.108389081318915,,
48,14,4870,4871,1.0,3321960,87140,0.00014485635477830858,100,100,1000,27.120595124525952,,
48,15,4872,4873,1.0,3321960,87165,0.00014490540633058904,100,100,1000,27.103294116230977,,
48,16,4874,4875,1.0,3321960,87118,0.00014494525370432933,100,100,1000,27.111700137979323,,
48,17,4876,4877,1.0,3321960,87136,0.000144892702322338,100,100,1000,27.11064119592822,,
48,18,4878,4879,1.0,3321960,87126,0.00014484348993721918,100,100,1000,27.108800147981253,,
48,19,4880,4881,1.0,3321960,87142,0.00014484569375473443,100,100,1000,27.108116555196162,,
48,20,4882,4883,1.0,3321960,87121,0.00014487648982618628,100,100,1000,27.11878581317526,,
48,21,4884,4885,1.0,3321960,87131,0.0001449342987696088,100,100,1000,27.106902705060342,,
48,22,4886,4887,1.0,3321960,87108,0.00014479844757024271,100,100,1000,27.124496836839043,,
48,23,4888,4889,1.0,3321960,87128,0.00014487449752902622,100,100,1000,27.114746648682903,,
48,24,4890,4891,1.0,3321960,87131,0.00014493210190379173,100,100,1000,27.11379316703909,,
48,25,4892,4893,1.0,3321960,87154,0.00014483852805841297,100,100,1000,27.10756077679431,,
48,26,4894,4895,1.0,3321960,87138,0.00014495927368624593,100,100,1000,27.116023293561383,,
48,27,4896,4897,1.0,3321960,87129,0.00014491325346855313,100,100,1000,27.11894832537298,,
48,28,4898,4899,1.0,3321960,87128,0.00014484546662251903,100,100,1000,27.113638981359937,,
48,29,4900,4901,1.0,3321960,87099,0.00014482718157507677,100,100,1000,27.13138887869265,,
48,30,4902,4903,1.0,3321960,87156,0.0001447786028324736,100,100,1000,27.11290989221294,,
48,31,4904,4905,1.0,3321960,87157,0.00014479950172780872,100,100,1000,27.10146971433661,,
48,32,4906,4907,1.0,3321960,87119,0.00014482554283940774,100,100,1000,27.120867417695706,,
48,33,4908,4909,1.0,3321960,87143,0.00014490353399067705,100,100,1000,27.120822256715837,,
48,34,4910,4911,1.0,3321960,87129,0.00014479197675772135,100,100,1000,27.123187028890865,,
48,35,4912,4913,1.0,3321960,87125,0.00014479637883066312,100,100,1000,27.11718768368493,,
48,36,4914,4915,1.0,3321960,87156,0.0001448615275895446,100,100,1000,27.113762364420893,,
48,37,4916,4917,1.0,3321960,87112,0.00014488019674488808,100,100,1000,27.11192016109014,,
48,38,4918,4919,1.0,3321960,87146,0.00014485550591932097,100,100,1000,27.10201738286959,,
48,39,4920,4921,1.0,3321960,87138,0.00014489912926600205,100,100,1000,27.109639338082026,,
48,40,4922,4923,1.0,3321960,87092,0.00014493710586031605,100,100,1000,27.132743786467895,,
48,41,4924,4925,1.0,3321960,87153,0.00014490779216854888,100,100,1000,27.104411772562315,,
48,42,4926,4927,1.0,3321960,87121,0.00014473547509808246,100,100,1000,27.124018150859694,,
48,43,4928,4929,1.0,3321960,87154,0.00014480852572381305,100,100,1000,27.11084860775183,,
48,44,4930,4931,1.0,3321960,87160,0.0001449191458241275,100,100,1000,27.107775700178053,,
48,45,4932,4933,1.0,3321960,87142,0.0001448224440592751,100,100,1000,27.111301787261937,,
48,46,4934,4935,1.0,3321960,87153,0.00014487151223223726,100,100,1000,27.103497128120434,,
48,47,4936,4937,1.0,3321960,87128,0.00014489250079723306,100,100,1000,27.113682870548697,,
48,48,4938,4939,1.0,3321960,87144,0.0001448658606116511,100,100,1000,27.116403567875533,,
48,49,4940,4941,1.0,3321960,87161,0.00014490580974013743,100,100,1000,27.11203520193001,,
49,0,4942,4943,1.0,3612280,93199,0.00013741509717560477,100,100,1000,27.56415714433807,,
49,1,4944,4945,1.0,3612280,93163,0.00013744113273280836,100,100,1000,27.578577099165205,,
49,2,4946,4947,1.0,3612280,93151,0.00013733645399836145,100,100,1000,27.581341954528952,,
49,3,4948,4949,1.0,3612280,93196,0.00013749122483404594,100,100,1000,27.569170385221888,,
49,4,4950,4951,1.0,3612280,93166,0.00013740299886664997,100,100,1000,27.575760701563034,,
49,5,4952,4953,1.0,3612280,93144,0.000137407907415267,100,100,1000,27.587917491238834,,
49,6,4954,4955,1.0,3612280,93141,0.00013744393748326285,100,100,1000,27.588874719572562,,
49,7,4956,4957,1.0,3612280,93159,0.00013744677024283235,100,100,1000,27.576636723736822,,
49,8,4958,4959,1.0,3612280,93190,0.00013740012233330544,100,100,1000,27.57242581880965,,
49,9,4960,4961,1.0,3612280,93191,0.00013740380664833886,100,100,1000,27.56725201520961,,
49,10,4962,4963,1.0,3612280,93152,0.00013740784462469176,100,100,1000,27.586349703650665,,
49,11,4964,4965,1.0,3612280,93164,0.00013732771721994318,100,100,1000,27.57157062027425,,
49,12,4966,4967,1.0,3612280,93166,0.00013747659887209285,100,100,1000,27.581068323606114,,
49,13,4968,4969,1.0,3612280,93199,0.00013752589199465427,100,100,1000,27.568980912952366,,
49,14,4970,4971,1.0,3612280,93176,0.0001374372610452654,100,100,1000,27.574403828791283,,
49,15,4972,4973,1.0,3612280,93213,0.0001374503311210337,100,100,1000,27.57187132510054,,
49,16,4974,4975,1.0,3612280,93201,0.0001374480899137399,100,100,1000,27.567953059690723,,
49,17,4976,4977,1.0,3612280,93165,0.0001373878234568078,100,100,1000,27.573216538548373,,
49,18,4978,4979,1.0,3612280,93193,0.00013739778653762077,100,100,1000,27.574276430361127,,
49,19,4980,4981,1.0,3612280,93148,0.000137432257512872,100,100,1000,27.588619221817257,,
49,20,4982,4983,1.0,3612280,93160,0.00013737077690273647,100,100,1000,27.583797357242517,,
49,21,4984,4985,1.0,3612280,93165,0.0001374923602403834,100,100,1000,27.56697090528737,,
49,22,4986,4987,1.0,3612280,93160,0.00013751183496641463,100,100,1000,27.58757328578065,,
49,23,4988,4989,1.0,3612280,93165,0.00013749849255375958,100,100,1000,27.58466671996261,,
49,24,4990,4991,1.0,3612280,93148,0.00013746271528362414,100,100,1000,27.584353056304053,,
49,25,4992,4993,1.0,3612280,93178,0.0001374665723534024,100,100,1000,27.57322488869498,,
49,26,4994,4995,1.0,3612280,93157,0.00013741385547558994,100,100,1000,27.585570988935014,,
49,27,4996,4997,1.0,3612280,93189,0.00013736221446795964,100,100,1000,27.564329732669734,,
49,28,4998,4999,1.0,3612280,93162,0.00013737949274704358,100,100,1000,27.582197379054485,,
49,29,5000,5001,1.0,3612280,93184,0.00013742836374412636,100,100,1000,27.57930175352618,,
49,30,5002,5003,1.0,3612280,93178,0.00013750387669239365,100,100,1000,27.566443781538435,,
49,31,5004,5005,1.0,3612280,93155,0.00013747474529605,100,100,1000,27.586827319105407,,
49,32,5006,5007,1.0,3612280,93163,0.00013742761580513708,100,100,1000,27.575772559764022,,
49,33,5008,5009,1.0,3612280,93210,0.00013740497745422052,100,100,1000,27.56849398138234,,
49,34,5010,5011,1.0,3612280,93135,0.00013743331647787953,100,100,1000,27.599534250280062,,
49,35,5012,5013,1.0,3612280,93149,0.0001373074913171615,100,100,1000,27.593067890248935,,
49,36,5014,5015,1.0,3612280,93175,0.00013740511138228076,100,100,1000,27.581570821537433,,
49,37,5016,5017,1.0,3612280,93137,0.000137391243886818,100,100,1000,27.589681894491232,,
49,38,5018,5019,1.0,3612280,93153,0.00013747566764942885,100,100,1000,27.589395998030536,,
49,39,5020,5021,1.0,3612280,93160,0.0001374210282029364,100,100,1000,27.578239234565544,,
49,40,5022,5023,1.0,3612280,93169,0.0001373671437793671,100,100,1000,27.58068396030847,,
49,41,5024,5025,1.0,3612280,93133,0.000137412574741405,100,100,1000,27.58141274257624,,
49,42,5026,5027,1.0,3612280,93138,0.00013740047294502454,100,100,1000,27.585310383641133,,
49,43,5028,5029,1.0,3612280,93153,0.00013737825318675564,100,100,1000,27.59693879724496,,
49,44,5030,5031,1.0,3612280,93132,0.00013746010558336665,100,100,1000,27.598497798641294,,
49,45,5032,5033,1.0,3612280,93151,0.00013746026774686846,100,100,1000,27.595199808336805,,
49,46,5034,5035,1.0,3612280,93201,0.00013733090709995167,100,100,1000,27.574833261103308,,
49,47,5036,5037,1.0,3612280,93179,0.00013745005211491317,100,100,1000,27.576416062597527,,
49,48,5038,5039,1.0,3612280,93222,0.0001375236597201831,100,100,1000,27.561633643366093,,
49,49,5040,5041,1.0,3612280,93221,0.00013743934253813926,100,100,1000,27.56859663482211,,
50,0,5042,5043,1.0,3921225,99101,0.0001305342497798379,100,100,1000,28.15657509238002,,
50,1,5044,5045,1.0,3921225,99090,0.00013041656818144783,100,100,1000,28.156184520285258,,
50,2,5046,5047,1.0,3921225,99104,0.00013044319436319272,100,100,1000,28.156026826987315,,
50,3,5048,5049,1.0,3921225,99082,0.00013046234956391804,100,100,1000,28.154484380179667,,
50,4,5050,5051,1.0,3921225,99109,0.00013044163980287915,100,100,1000,28.161106608889614,,
50,5,5052,5053,1.0,3921225,99085,0.0001304554107880067,100,100,1000,28.156897116198095,,
50,6,5054,5055,1.0,3921225,99079,0.00013060240843522158,100,100,1000,28.143584330588524,,
50,7,5056,5057,1.0,3921225,99087,0.00013053307087010574,100,100,1000,28.148537195129098,,
50,8,5058,5059,1.0,3921225,99091,0.00013050822530629951,100,100,1000,28.15119825124809,,
50,9,5060,5061,1.0,3921225,99114,0.00013047213394932846,100,100,1000,28.154615359128346,,
50,10,5062,5063,1.0,3921225,99073,0.0001305185705621644,100,100,1000,28.15612297037456,,
50,11,5064,5065,1.0,3921225,99128,0.0001304928085066362,100,100,1000,28.147529919919283,,
50,12,5066,5067,1.0,3921225,99066,0.00013043100896559164,100,100,1000,28.166574582520912,,
50,13,5068,5069,1.0,3921225,99114,0.0001304985323698081,100,100,1000,28.14774807235383,,
50,14,5070,5071,1.0,3921225,99021,0.00013043648277823628,100,100,1000,28.167226398248488,,
50,15,5072,5073,1.0,3921225,99109,0.0001304460325587081,100,100,1000,28.156465420043098,,
50,16,5074,5075,1.0,3921225,99111,0.00013038636005582773,100,100,1000,28.149281569402735,,
50,17,5076,5077,1.0,3921225,99107,0.00013048901341339826,100,100,1000,28.145028504706303,,
50,18,5078,5079,1.0,3921225,99096,0.00013052729089578952,100,100,1000,28.1454211395622,,
50,19,5080,5081,1.0,3921225,99062,0.00013060200430474298,100,100,1000,28.158971289502524,,
50,20,5082,5083,1.0,3921225,99034,0.00013050974807951883,100,100,1000,28.17043943547108,,
50,21,5084,5085,1.0,3921225,99103,0.0001305110490233389,100,100,1000,28.151666371598488,,
50,22,5086,5087,1.0,3921225,99075,0.0001304925556116858,100,100,1000,28.155224771548944,,
50,23,5088,5089,1.0,3921225,99065,0.00013046836422824716,100,100,1000,28.168636048326924,,
50,24,5090,5091,1.0,3921225,99087,0.0001305331142220923,100,100,1000,28.1537150175914,,
50,25,5092,5093,1.0,3921225,99098,0.00013045698355536098,100,100,1000,28.16051289830775,,
50,26,5094,5095,1.0,3921225,99086,0.00013054580481870339,100,100,1000,28.14650264545613,,
50,27,5096,5097,1.0,3921225,99080,0.0001305038157449051,100,100,1000,28.156954593151685,,
50,28,5098,5099,1.0,3921225,99115,0.0001304157997340021,100,100,1000,28.14633701631573,,
50,29,5100,5101,1.0,3921225,99093,0.00013052700149498008,100,100,1000,28.158498024883375,,
50,30,5102,5103,1.0,3921225,99056,0.0001304822349251707,100,100,1000,28.17429420162368,,
50,31,5104,5105,1.0,3921225,99064,0.0001305450843874355,100,100,1000,28.168869271922745,,
50,32,5106,5107,1.0,3921225,99069,0.00013051658634829,100,100,1000,28.16863674631917,,
50,33,5108,5109,1.0,3921225,99044,0.00013049536808915516,100,100,1000,28.157219151947274,,
50,34,5110,5111,1.0,3921225,99051,0.00013045196859697646,100,100,1000,28.1828893666225,,
50,35,5112,5113,1.0,3921225,99058,0.00013052679141134401,100,100,1000,28.161970230115493,,
50,36,5114,5115,1.0,3921225,99087,0.0001305029932237264,100,100,1000,28.15337950907675,,
50,37,5116,5117,1.0,3921225,99121,0.00013046691600639596,100,100,1000,28.143378382574976,,
50,38,5118,5119,1.0,3921225,99138,0.00013055273257905412,100,100,1000,28.13821042380008,,
50,39,5120,5121,1.0,3921225,99109,0.00013053277662725086,100,100,1000,28.146259761251603,,
50,40,5122,5123,1.0,3921225,99091,0.00013045726731720911,100,100,1000,28.144832994777122,,
50,41,5124,5125,1.0,3921225,99115,0.00013041741657423487,100,100,1000,28.156691228380126,,
50,42,5126,5127,1.0,3921225,99059,0.000130485845703588,100,100,1000,28.17681459780466,,
50,43,5128,5129,1.0,3921225,99078,0.00013057225910546316,100,100,1000,28.143728325576454,,
50,44,5130,5131,1.0,3921225,99052,0.00013049519305711983,100,100,1000,28.161137433935142,,
50,45,5132,5133,1.0,3921225,99091,0.00013045958003065716,100,100,1000,28.159949975719293,,
50,46,5134,5135,1.0,3921225,99102,0.00013056247583333533,100,100,1000,28.150419974375108,,
50,47,5136,5137,1.0,3921225,99119,0.00013045012257827313,100,100,1000,28.149919490638833,,
50,48,5138,5139,1.0,3921225,99064,0.0001304668789546035,100,100,1000,28.16436852034019,,
50,49,5140,5141,1.0,3921225,99093,0.00013045737363839797,100,100,1000,28.15151307601925,,
